item_mrp,item_outlet_sales,item_visibility,item_weight,outlet_years,item_fat_content_Low Fat,item_fat_content_Non-Edible,item_fat_content_Regular,outlet_location_type_Tier 1,outlet_location_type_Tier 2,outlet_location_type_Tier 3,outlet_size_High,outlet_size_Medium,outlet_size_Small,outlet_type_Grocery Store,outlet_type_Supermarket Type1,outlet_type_Supermarket Type2,outlet_type_Supermarket Type3,item_type_combined_Drinks,item_type_combined_Food,item_type_combined_Non-Consumable
118.8124,1767.0332,0.088053052,10.36,13,1,0,0,0,0,1,0,0,1,0,0,1,0,0,1,0
48.7718,236.359,0.024226902,19.6,25,1,0,0,1,0,0,0,0,1,0,1,0,0,1,0,0
255.2698,761.0094,0.164864915,10.726,15,0,1,0,0,0,1,0,0,1,0,1,0,0,0,0,1
142.2838,3348.7076800000004,0.190569038,10.513000000000002,13,0,0,1,0,0,1,0,0,1,0,0,0,1,0,1,0
102.7332,1948.1308,0.133424184,16.5,18,0,0,1,0,0,1,0,0,1,0,1,0,0,0,1,0
199.8084,3968.168,0.046214971,4.92,15,1,0,0,0,1,0,0,0,1,0,1,0,0,0,1,0
105.728,1278.336,0.152261999,7.0,15,1,0,0,0,1,0,0,0,1,0,1,0,0,0,1,0
60.9562,770.3306,0.068256316,11.767,13,0,0,1,0,0,1,0,0,1,0,0,0,1,0,1,0
193.4478,774.9912,0.149404057,20.75,24,1,0,0,0,0,1,0,0,1,0,1,0,0,0,1,0
84.925,665.8,0.045361705,15.479000000000005,20,1,0,0,0,0,1,0,0,1,0,0,0,1,0,1,0
212.9902,4672.5844,0.18520944,13.65,15,0,0,1,0,1,0,0,0,1,0,1,0,0,0,1,0
243.0196,5061.4116,0.182653772,19.2,25,0,1,0,0,0,1,0,0,1,0,1,0,0,0,0,1
155.8288,1099.9016,0.034658144,6.55,23,0,0,1,1,0,0,0,1,0,0,1,0,0,0,1,0
150.2392,3877.6192,0.140241213,13.35,15,1,0,0,0,1,0,0,0,1,0,1,0,0,0,1,0
250.9092,4346.74188,0.066672058,18.2,13,0,0,1,0,0,1,0,0,1,0,0,1,0,0,1,0
199.8084,4563.3932,0.115819014,11.8,15,1,0,0,0,1,0,0,0,1,0,1,0,0,1,0,0
147.1392,2237.088,0.032812669,17.1,15,1,0,0,0,1,0,0,0,1,0,1,0,0,0,1,0
182.6266,3135.2522,0.015623754,17.5,13,1,0,0,0,0,1,0,1,0,0,0,1,0,0,1,0
51.1324,259.662,0.098438394,8.5,15,1,0,0,0,1,0,0,0,1,0,1,0,0,0,1,0
141.718,419.454,0.028009382,17.5,23,1,0,0,0,0,1,0,0,1,0,1,0,0,0,1,0
216.8824,2838.9712,0.021327477,15.2,15,1,0,0,0,1,0,0,0,1,0,1,0,0,0,1,0
37.5506,113.8518,0.04874969,20.7,18,1,0,0,0,1,0,0,0,1,0,1,0,0,0,1,0
182.1318,5954.2494,0.063689583,16.1,15,0,0,1,0,0,1,0,0,1,0,1,0,0,0,1,0
218.7166,435.4332,0.11566015,15.85,18,1,0,0,0,0,1,0,0,1,0,1,0,0,0,1,0
151.3024,151.8024,0.098031771,9.96,37,0,1,0,1,0,0,0,0,1,1,0,0,0,0,0,1
192.2162,384.8324,0.118672537,7.68,24,1,0,0,0,0,1,0,0,1,1,0,0,0,0,1,0
215.0218,1923.4962,0.084765192,15.3,25,0,0,1,1,0,0,0,0,1,0,1,0,0,0,1,0
51.0692,147.8076,0.15028599,14.99,37,0,0,1,1,0,0,0,0,1,1,0,0,0,0,1,0
211.0586,844.2344,0.016993225,6.655,20,1,0,0,0,0,1,0,0,1,0,1,0,0,0,1,0
76.8354,456.87196000000006,0.222132498,13.45,13,0,0,1,0,0,1,0,0,1,0,0,0,1,0,1,0
53.8614,221.0456,0.011180713,14.65,35,0,1,0,0,0,1,1,0,0,0,1,0,0,0,0,1
38.6848,1155.8288,0.113125627,15.2,20,1,0,0,0,1,0,0,0,1,0,1,0,0,1,0,0
131.9942,3047.3666,0.096644015,15.1,15,0,0,1,0,1,0,0,0,1,0,1,0,0,0,1,0
90.2514,1309.49544,0.062576446,12.287,13,0,0,1,0,0,1,0,0,1,0,0,0,1,0,1,0
256.3014,5865.0322,0.061753511,10.726,15,1,0,0,0,0,1,0,0,1,0,1,0,0,0,1,0
194.4478,387.4956,0.066681333,11.3,25,0,1,0,1,0,0,0,0,1,0,1,0,0,0,0,1
260.8962,6602.7386,0.033807904,6.235,13,0,1,0,0,0,1,0,0,1,0,0,1,0,0,0,1
64.2852,438.0964,0.038671588,6.92,15,1,0,0,0,1,0,0,0,1,0,1,0,0,0,1,0
106.5306,1233.7274,0.184602443,11.544,13,0,1,0,0,0,1,0,0,1,0,0,0,1,0,0,1
165.8526,2960.1468,0.084245356,12.564000000000002,15,0,1,0,0,0,1,0,0,1,0,0,0,1,0,0,1
32.99,898.83,0.041878397,15.63,18,1,0,0,0,0,1,0,0,1,0,0,0,1,1,0,0
255.5698,6088.0752,0.186445212,7.825,18,0,1,0,0,1,0,0,0,1,0,1,0,0,0,0,1
141.0812,1139.8496,0.09344495,14.85,18,1,0,0,0,1,0,0,0,1,0,1,0,0,0,1,0
82.4908,2013.3792,0.039954281,9.395,18,0,1,0,0,1,0,0,0,1,0,1,0,0,0,0,1
77.6012,797.7615599999999,0.031139933,12.169,13,1,0,0,0,0,1,0,0,1,0,0,0,1,1,0,0
247.8118,6669.3186,0.094460314,15.309,15,1,0,0,0,0,1,0,0,1,0,0,0,1,0,1,0
179.6686,177.7686,0.031069203,12.826000000000002,37,1,0,0,1,0,0,0,0,1,1,0,0,0,0,1,0
179.9976,4889.6352,0.0,13.5,35,1,0,0,0,0,1,1,0,0,0,1,0,0,0,1,0
102.8674,1528.011,0.008208342,16.75,20,0,0,1,0,1,0,0,0,1,0,1,0,0,0,1,0
99.67,1337.32588,0.226084177,11.912,15,0,1,0,0,0,1,0,0,1,0,0,0,1,0,0,1
208.5638,7247.233,0.024482433,13.35,15,0,0,1,0,0,1,0,0,1,0,1,0,0,0,1,0
111.157,1563.2984,0.04690397,11.181,13,1,0,0,0,0,1,0,0,1,0,0,0,1,0,1,0
174.3054,1751.054,0.025342692,15.6,15,1,0,0,0,1,0,0,0,1,0,1,0,0,0,1,0
36.6532,251.6724,0.062640143,12.15,15,1,0,0,0,1,0,0,0,1,0,1,0,0,0,1,0
185.1266,2213.1192,0.161301097,15.0,35,0,0,1,0,0,1,1,0,0,0,1,0,0,0,1,0
168.5158,3005.55436,0.161182103,9.6,13,1,0,0,0,0,1,0,0,1,0,0,1,0,1,0,0
95.6436,1224.4062,0.075705596,11.366,13,1,0,0,0,0,1,0,0,1,0,0,0,1,0,1,0
113.3544,2150.66716,0.058812134,9.282999999999998,13,0,1,0,0,0,1,0,0,1,0,0,0,1,0,0,1
117.8492,810.9444,0.028837829,9.895,13,0,0,1,0,0,1,0,1,0,0,0,1,0,0,1,0
172.7764,3435.528,0.245542627,11.542,20,0,0,1,0,0,1,0,0,1,0,0,0,1,0,1,0
106.2306,1297.6442000000002,0.087753682,11.229,13,0,0,1,0,0,1,0,0,1,0,0,0,1,0,1,0
184.8924,1665.8316,0.005677876,5.985,20,1,0,0,0,1,0,0,0,1,0,1,0,0,0,1,0
88.3514,1416.8224,0.115119905,5.425,15,0,0,1,0,1,0,0,0,1,0,1,0,0,0,1,0
90.9172,89.2172,0.02579577,15.509,18,0,0,1,0,1,0,0,0,1,0,1,0,0,0,1,0
92.612,559.272,0.035801238,16.5,13,0,1,0,0,0,1,0,1,0,0,0,1,0,0,0,1
38.2848,1230.3984,0.045950475,10.1,15,0,0,1,0,1,0,0,0,1,0,1,0,0,0,1,0
133.3284,3233.65744,0.0926587,12.397,13,1,0,0,0,0,1,0,0,1,0,0,0,1,0,1,0
222.5456,5305.0944,0.045838211,5.905,13,1,0,0,0,0,1,0,0,1,0,0,1,0,0,1,0
192.4846,6114.7072,0.13564792,13.619,13,1,0,0,0,0,1,0,0,1,0,0,0,1,0,1,0
114.4518,1593.9252,0.0,9.1,25,0,1,0,1,0,0,0,0,1,0,1,0,0,0,0,1
104.628,745.696,0.052146456,18.75,20,0,1,0,0,1,0,0,0,1,0,1,0,0,0,0,1
153.1366,2016.17556,0.027610698,15.170000000000002,15,1,0,0,0,0,1,0,0,1,0,0,0,1,0,1,0
186.0924,7033.5112,0.23653561,13.425999999999998,13,0,0,1,0,0,1,0,0,1,0,0,0,1,0,1,0
180.266,898.83,0.149669322,13.35,20,0,0,1,0,1,0,0,0,1,0,1,0,0,0,1,0
262.1278,5658.76736,0.08145081,9.959,13,0,0,1,0,0,1,0,0,1,0,0,0,1,0,1,0
123.8414,2125.36676,0.050901814,13.072,15,0,1,0,0,0,1,0,0,1,0,0,0,1,0,0,1
84.9224,1193.1136,0.127541722,14.3,25,1,0,0,1,0,0,0,0,1,0,1,0,0,0,1,0
232.0668,6617.2530400000005,0.232072674,14.88,13,0,0,1,0,0,1,0,0,1,0,0,0,1,0,1,0
57.3562,177.7686,0.0,12.3,35,0,0,1,0,0,1,1,0,0,0,1,0,0,0,1,0
242.3538,3722.88728,0.04461205,18.51,13,1,0,0,0,0,1,0,0,1,0,0,1,0,0,1,0
90.1514,1198.70632,0.03005585,12.287,15,0,0,1,0,0,1,0,0,1,0,0,0,1,0,1,0
184.4292,3101.2964,0.06619442,16.5,35,0,0,1,0,0,1,1,0,0,0,1,0,0,0,1,0
251.0092,3007.285440000001,0.083661793,11.849,13,1,0,0,0,0,1,0,0,1,0,0,0,1,0,1,0
174.0422,1881.01816,0.178699961,13.731,15,0,1,0,0,0,1,0,0,1,0,0,0,1,0,0,1
213.2902,4247.804,0.034027909,19.75,13,1,0,0,0,0,1,0,0,1,0,0,1,0,0,1,0
78.696,1757.712,0.050353695,10.3,15,0,0,1,0,1,0,0,0,1,0,1,0,0,0,1,0
156.4656,2934.8464,0.076156245,7.475,13,0,1,0,0,0,1,0,0,1,0,0,1,0,0,0,1
226.2062,677.1186,0.132596101,18.25,24,1,0,0,0,0,1,0,0,1,0,1,0,0,0,1,0
114.486,1522.0188,0.187841082,10.195,13,1,0,0,0,0,1,0,0,1,0,0,1,0,1,0,0
95.9436,1027.72888,0.203536932,13.860000000000005,13,1,0,0,0,0,1,0,0,1,0,0,1,0,0,1,0
194.982,2815.0024000000003,0.073541072,13.267,13,0,0,1,0,0,1,0,0,1,0,0,1,0,0,1,0
149.1076,1182.4608,0.08259502,8.235,20,1,0,0,0,1,0,0,0,1,0,1,0,0,0,1,0
173.7054,5778.4782,0.044767032,12.022,37,0,0,1,0,0,1,0,1,0,0,0,0,1,1,0,0
103.2306,2404.2038,0.021362955,20.85,23,1,0,0,1,0,0,0,1,0,0,1,0,0,0,1,0
193.6504,383.5008,0.09246392,12.114999999999998,15,1,0,0,0,1,0,0,0,1,0,1,0,0,0,1,0
149.7734,296.9468,0.053591345,6.65,15,1,0,0,0,1,0,0,0,1,0,1,0,0,0,1,0
187.953,2656.542,0.073029341,11.5,20,1,0,0,0,1,0,0,0,1,0,1,0,0,0,1,0
143.4154,1880.48552,0.025002878,13.448000000000002,23,0,1,0,0,0,1,0,0,1,0,0,0,1,0,0,1
191.3188,1713.7692,0.039906377,8.365,23,0,0,1,1,0,0,0,1,0,0,1,0,0,0,1,0
152.3366,2115.9124,0.039055756,9.96,37,0,1,0,0,0,1,0,1,0,0,0,0,1,0,0,1
163.121,1794.331,0.116576702,10.5,20,0,0,1,0,0,1,0,0,1,0,1,0,0,0,1,0
173.9422,172.4422,0.227189581,16.6,18,1,0,0,0,0,1,0,0,1,0,1,0,0,1,0,0
50.8692,837.5764,0.172357491,14.65,15,1,0,0,0,0,1,0,0,1,0,1,0,0,0,1,0
259.7278,2863.6058,0.066014596,6.57,35,1,0,0,0,0,1,1,0,0,0,1,0,0,1,0,0
116.7834,1587.13404,0.013111823,12.1,13,0,0,1,0,0,1,0,0,1,0,0,0,1,0,1,0
186.024,1118.544,0.078946455,13.65,20,0,0,1,0,1,0,0,0,1,0,1,0,0,0,1,0
215.1218,2222.57356,0.076401322,8.914,13,1,0,0,0,0,1,0,0,1,0,0,0,1,0,1,0
158.4604,4278.4308,0.094697274,9.732,37,1,0,0,0,0,1,0,1,0,0,0,0,1,0,1,0
124.4046,2241.0828,0.106051405,11.0,20,1,0,0,0,1,0,0,0,1,0,1,0,0,0,1,0
177.2712,3691.1952,0.063079544,12.022,13,0,0,1,0,0,1,0,0,1,0,0,0,1,0,1,0
114.0176,2290.352,0.024304264,8.39,13,0,0,1,0,0,1,0,0,1,0,0,1,0,0,1,0
246.9144,4655.2736,0.038685802,10.0,13,1,0,0,0,0,1,0,0,1,0,0,1,0,0,1,0
111.1912,218.3824,0.122896411,11.059,37,1,0,0,1,0,0,0,0,1,1,0,0,0,0,1,0
153.0024,2580.6408,0.021370201,20.75,15,1,0,0,0,1,0,0,0,1,0,1,0,0,1,0,0
87.3514,1062.6168,0.040071131,7.97,20,0,0,1,0,1,0,0,0,1,0,1,0,0,0,1,0
211.7218,5770.4886,0.034501405,18.75,15,0,1,0,0,1,0,0,0,1,0,1,0,0,0,0,1
65.4826,258.3304,0.063430788,9.621,24,1,0,0,0,0,1,0,0,1,0,0,0,1,0,1,0
154.2682,2849.89032,0.046348967,12.02,13,0,1,0,0,0,1,0,0,1,0,0,0,1,0,0,1
235.4958,2058.653600000001,0.017746063,15.549,13,0,1,0,0,0,1,0,0,1,0,0,0,1,0,0,1
113.2518,3415.554,0.164542555,11.059,35,0,0,1,0,0,1,0,1,0,0,0,0,1,0,1,0
144.8128,2157.192,0.026520107,10.5,15,0,0,1,0,1,0,0,0,1,0,1,0,0,0,1,0
104.099,1073.5359199999998,0.030418998,13.376,13,0,0,1,0,0,1,0,0,1,0,0,0,1,0,1,0
180.3976,3078.6592,0.119362812,16.7,35,0,0,1,0,0,1,1,0,0,0,1,0,0,0,1,0
175.5738,3823.0236,0.122918852,16.6,15,1,0,0,0,1,0,0,0,1,0,1,0,0,0,1,0
163.5552,1787.0072,0.096386227,5.78,25,1,0,0,1,0,0,0,0,1,0,1,0,0,0,1,0
67.5142,593.2278,0.029535852,6.71,35,0,0,1,0,0,1,1,0,0,0,1,0,0,0,1,0
45.9428,790.9704,0.109911272,8.775,25,1,0,0,0,0,1,0,0,1,0,1,0,0,1,0,0
63.4194,1334.79584,0.278730642,14.214,13,0,0,1,0,0,1,0,0,1,0,0,0,1,0,1,0
199.4426,3561.0978800000003,0.156307983,6.615,13,1,0,0,0,0,1,0,0,1,0,0,1,0,0,1,0
76.2354,567.2616,0.033745202,8.155,13,0,0,1,0,0,1,0,0,1,0,0,1,0,0,1,0
133.6284,5404.9644,0.035747522,13.960000000000004,25,1,0,0,0,0,1,0,0,1,0,0,0,1,0,1,0
37.2874,369.78532,0.186250852,14.580000000000002,13,1,0,0,0,0,1,0,0,1,0,0,0,1,0,1,0
179.5686,2224.70412,0.039996021,17.07,13,0,1,0,0,0,1,0,0,1,0,0,1,0,0,0,1
104.0332,205.0664,0.038460297,15.3,24,0,1,0,0,0,1,0,0,1,1,0,0,0,0,0,1
123.8388,866.8716,0.04679836,17.85,13,0,0,1,0,0,1,0,1,0,0,0,1,0,0,1,0
85.0882,2233.0932,0.090436094,6.525,23,0,1,0,1,0,0,0,1,0,0,1,0,0,0,0,1
181.166,3415.554,0.04016342,13.306,37,0,0,1,0,0,1,0,1,0,0,0,0,1,0,1,0
156.2314,2180.89448,0.058419856,9.511,15,1,0,0,0,0,1,0,0,1,0,0,0,1,0,1,0
55.8956,704.5495599999999,0.057637631,13.686000000000002,13,1,0,0,0,0,1,0,0,1,0,0,0,1,0,1,0
213.7244,3037.77908,0.094294233,10.5,13,0,0,1,0,0,1,0,0,1,0,0,1,0,0,1,0
97.2726,978.726,0.13267058,11.85,25,1,0,0,0,0,1,0,0,1,0,1,0,0,1,0,0
81.496,869.40164,0.02914662,13.879,13,0,0,1,0,0,1,0,0,1,0,0,0,1,0,1,0
146.2444,2538.6954000000005,0.055297776,13.875,13,1,0,0,0,0,1,0,0,1,0,0,0,1,0,1,0
187.1582,3395.31368,0.054443762,12.488,13,1,0,0,0,0,1,0,0,1,0,0,0,1,0,1,0
162.2578,3265.2163600000003,0.06173052,12.34,13,0,0,1,0,0,1,0,0,1,0,0,0,1,0,1,0
38.9506,721.0614,0.03532494,8.3,35,1,0,0,0,0,1,1,0,0,0,1,0,0,0,1,0
188.5898,3979.22028,0.048883854,12.358,13,0,0,1,0,0,1,0,0,1,0,0,0,1,0,1,0
254.904,3795.06,0.030789914,10.726,13,1,0,0,0,0,1,0,0,1,0,0,0,1,0,1,0
108.8938,1851.98928,0.247843179,11.773,15,0,1,0,0,0,1,0,0,1,0,0,0,1,0,0,1
257.6646,2061.3168,0.029445361,16.35,25,0,1,0,1,0,0,0,0,1,0,1,0,0,0,0,1
103.0332,1230.3984,0.014301326,19.75,25,0,1,0,1,0,0,0,0,1,0,1,0,0,0,0,1
36.0848,372.848,0.064022881,10.695,13,0,1,0,0,0,1,0,1,0,0,0,1,0,0,0,1
261.5936,6002.8528,0.021065311,17.85,15,0,0,1,0,1,0,0,0,1,0,1,0,0,0,1,0
217.4192,3745.7908,0.123557061,11.846,13,0,1,0,0,0,1,0,0,1,0,0,0,1,0,0,1
121.7098,4097.3332,0.071636937,12.831,37,1,0,0,0,0,1,0,1,0,0,0,0,1,0,1,0
184.5924,4997.4948,0.011995271,20.25,25,0,0,1,1,0,0,0,0,1,0,1,0,0,0,1,0
72.338,805.618,0.0,10.8,23,1,0,0,1,0,0,0,1,0,0,1,0,0,1,0,0
115.3518,2277.036,0.035334201,11.059,37,0,0,1,0,0,1,0,1,0,0,0,0,1,0,1,0
200.5742,2580.37448,0.093883945,10.134000000000002,13,0,0,1,0,0,1,0,0,1,0,0,0,1,0,1,0
59.1904,996.0368,0.054378253,15.0,18,0,0,1,0,1,0,0,0,1,0,1,0,0,0,1,0
47.306,780.1844400000001,0.294939214,14.818,13,1,0,0,0,0,1,0,0,1,0,0,0,1,0,1,0
60.622,599.22,0.121632721,15.85,25,0,0,1,0,0,1,0,0,1,0,1,0,0,0,1,0
103.0306,2404.2038,0.139436695,7.785,35,1,0,0,0,0,1,1,0,0,0,1,0,0,0,1,0
117.0834,1587.79984,0.171246685,11.8,13,0,0,1,0,0,1,0,0,1,0,0,1,0,0,1,0
126.4046,5353.6978,0.020614212,12.861,37,1,0,0,0,0,1,0,1,0,0,0,0,1,0,1,0
89.4856,1142.5128,0.06358394,11.35,15,0,0,1,0,1,0,0,0,1,0,1,0,0,0,1,0
160.2894,323.5788,0.160178832,8.937999999999999,37,0,1,0,1,0,0,0,0,1,1,0,0,0,0,0,1
41.5796,41.2796,0.148392623,15.2,37,1,0,0,1,0,0,0,0,1,1,0,0,0,0,1,0
108.5912,1637.868,0.110762642,11.532,37,0,1,0,0,0,1,0,1,0,0,0,0,1,0,0,1
148.076,3368.948,0.244102315,9.96,25,1,0,0,0,0,1,0,0,1,0,0,0,1,0,1,0
120.1098,1807.647,0.092781435,4.785,20,1,0,0,0,0,1,0,0,1,0,1,0,0,0,1,0
103.1964,736.3748,0.038288087,7.785,13,0,0,1,0,0,1,0,1,0,0,0,1,0,0,1,0
225.2088,5762.36584,0.041065647,14.013,13,1,0,0,0,0,1,0,0,1,0,0,0,1,1,0,0
47.806,455.5403600000001,0.053481818,17.6,13,0,0,1,0,0,1,0,0,1,0,0,1,0,0,1,0
80.196,2157.192,0.104933928,9.5,13,0,0,1,0,0,1,0,1,0,0,0,1,0,0,1,0
41.648,414.1276,0.039805092,11.398,13,1,0,0,0,0,1,0,0,1,0,0,0,1,0,1,0
151.4366,1360.2294,0.057373797,11.8,35,0,0,1,0,0,1,1,0,0,0,1,0,0,0,1,0
181.1634,181.7634,0.065188619,10.828,37,1,0,0,1,0,0,0,0,1,1,0,0,0,1,0,0
86.0198,87.2198,0.12341737,12.5,24,0,0,1,0,0,1,0,0,1,1,0,0,0,0,1,0
178.566,898.83,0.028164527,12.1,13,1,0,0,0,0,1,0,0,1,0,0,1,0,1,0,0
157.463,3755.112,0.009995002,14.85,13,0,0,1,0,0,1,0,0,1,0,0,1,0,0,1,0
37.919,842.237,0.144094079,15.43,13,0,1,0,0,0,1,0,0,1,0,0,0,1,0,0,1
131.3626,262.3252,0.063122753,6.425,35,1,0,0,0,0,1,1,0,0,0,1,0,0,0,1,0
226.8404,6301.1312,0.060942632,16.0,18,1,0,0,0,0,1,0,0,1,0,1,0,0,0,1,0
82.225,2746.425,0.049823902,7.02,35,1,0,0,0,0,1,1,0,0,0,1,0,0,1,0,0
195.7768,4138.6128,0.098938169,13.1,23,0,0,1,1,0,0,0,1,0,0,1,0,0,0,1,0
221.9456,2210.456,0.033935576,6.695,18,1,0,0,0,1,0,0,0,1,0,1,0,0,0,1,0
147.4102,2478.7734,0.175352413,5.655,23,1,0,0,1,0,0,0,1,0,0,1,0,0,1,0,0
216.2534,2211.25496,0.143591586,12.224999999999998,13,1,0,0,0,0,1,0,0,1,0,0,0,1,0,1,0
169.2816,2130.82632,0.081916124,11.782,15,0,0,1,0,0,1,0,0,1,0,0,0,1,0,1,0
41.548,918.804,0.134532392,15.2,23,0,0,1,0,0,1,0,1,0,0,0,0,1,0,1,0
33.7216,1280.9992,0.073055148,15.4,37,1,0,0,0,0,1,0,1,0,0,0,0,1,0,1,0
128.9652,1679.1476,0.01405025,6.865,13,1,0,0,0,0,1,0,1,0,0,0,1,0,1,0,0
64.551,379.506,0.038169783,9.31,15,1,0,0,0,0,1,0,0,1,0,1,0,0,0,1,0
151.3366,1057.9562,0.0,6.135,20,0,0,1,0,1,0,0,0,1,0,1,0,0,0,1,0
147.4102,1273.14276,0.043168763,15.526,13,0,1,0,0,0,1,0,0,1,0,0,0,1,0,0,1
158.1288,3299.7048,0.297883712,18.1,15,1,0,0,0,0,1,0,0,1,0,1,0,0,0,1,0
90.8172,535.3032,0.043209581,9.3,15,1,0,0,0,0,1,0,0,1,0,1,0,0,0,1,0
57.0246,810.9444,0.026681262,12.35,18,1,0,0,0,1,0,0,0,1,0,1,0,0,0,1,0
158.8604,4436.8912,0.11411658,9.695,23,0,1,0,1,0,0,0,1,0,0,1,0,0,0,0,1
109.0228,2542.0244,0.06911065,7.485,18,1,0,0,0,1,0,0,0,1,0,1,0,0,0,1,0
85.7566,2011.11548,0.094910421,11.445,13,1,0,0,0,0,1,0,0,1,0,0,1,0,0,1,0
243.9828,731.0484,0.05837308,14.15,24,1,0,0,0,0,1,0,0,1,1,0,0,0,0,1,0
92.9804,1929.4884,0.064750025,12.3,20,0,0,1,0,0,1,0,0,1,0,1,0,0,0,1,0
168.6158,2963.07632,0.141355941,12.532,13,1,0,0,0,0,1,0,0,1,0,0,0,1,0,1,0
220.9456,1768.3648,0.026950104,15.0,13,0,0,1,0,0,1,0,1,0,0,0,1,0,0,1,0
261.2936,3131.9232,0.134975628,13.65,15,0,0,1,0,0,1,0,0,1,0,1,0,0,0,1,0
191.553,3058.41888,0.143990546,13.913,15,1,0,0,0,0,1,0,0,1,0,0,0,1,1,0,0
40.2822,707.0796,0.032835147,20.5,20,0,1,0,0,1,0,0,0,1,0,1,0,0,0,0,1
168.4132,3889.6036,0.141642219,9.444,25,1,0,0,0,0,1,0,0,1,0,0,0,1,0,1,0
119.5124,829.5868,0.0,11.5,13,1,0,0,0,0,1,0,1,0,0,0,1,0,0,1,0
124.973,369.519,0.040421193,12.151,24,1,0,0,0,0,1,0,0,1,0,0,0,1,0,1,0
115.6808,703.0848,0.038789271,8.185,23,1,0,0,1,0,0,0,1,0,0,1,0,0,0,1,0
97.0094,4189.2136,0.01806055,13.006,20,0,1,0,0,0,1,0,0,1,0,0,0,1,0,0,1
89.2198,1308.297,0.044995631,8.21,23,1,0,0,1,0,0,0,1,0,0,1,0,0,0,1,0
233.9642,3717.8272,0.056911107,10.6,20,1,0,0,0,1,0,0,0,1,0,1,0,0,1,0,0
143.4786,2311.6576,0.029003459,21.1,18,0,1,0,0,1,0,0,0,1,0,1,0,0,0,0,1
238.6906,5704.5744,0.033076388,15.919,13,0,1,0,0,0,1,0,0,1,0,0,0,1,0,0,1
98.7384,591.2304,0.052791124,13.006,13,0,0,1,0,0,1,0,0,1,0,0,1,0,0,1,0
265.2226,5815.0972,0.025879577,10.0,20,1,0,0,0,1,0,0,0,1,0,1,0,0,0,1,0
99.7358,1337.32588,0.126313413,11.912,13,0,0,1,0,0,1,0,0,1,0,0,0,1,0,1,0
77.3012,607.2096,0.064307102,13.8,23,0,0,1,0,0,1,0,1,0,0,1,0,0,0,1,0
150.505,2696.49,0.049318315,13.65,20,1,0,0,0,1,0,0,0,1,0,1,0,0,0,1,0
212.0928,2735.1064,0.015523707,12.15,13,1,0,0,0,0,1,0,1,0,0,0,1,0,0,1,0
193.8162,384.8324,0.053392944,12.475,37,0,1,0,1,0,0,0,0,1,1,0,0,0,0,0,1
89.8856,175.7712,0.0901292,5.785,18,0,0,1,0,0,1,0,0,1,0,1,0,0,0,1,0
106.7964,841.5712,0.174621343,9.3,18,1,0,0,0,1,0,0,0,1,0,1,0,0,0,1,0
94.312,2982.784,0.171938781,20.25,18,0,0,1,0,0,1,0,0,1,0,1,0,0,0,1,0
40.848,679.116,0.007140468,15.85,35,0,0,1,0,0,1,1,0,0,0,1,0,0,0,1,0
95.112,1627.2152,0.071104408,13.875,15,0,0,1,0,0,1,0,0,1,0,0,0,1,0,1,0
254.1014,4845.0266,0.16102755,19.7,20,0,0,1,0,1,0,0,0,1,0,1,0,0,0,1,0
256.7014,6630.0364,0.073229342,10.726,13,0,1,0,0,0,1,0,0,1,0,0,0,1,0,0,1
219.4166,3862.9716,0.096658404,15.261,15,1,0,0,0,1,0,0,0,1,0,1,0,0,0,1,0
151.805,2001.3948000000005,0.172856719,5.635,13,1,0,0,0,0,1,0,0,1,0,0,1,0,0,1,0
85.225,2663.2,0.01469075,15.479000000000005,13,1,0,0,0,0,1,0,0,1,0,0,0,1,0,1,0
181.4318,3428.2042,0.022604051,12.85,25,1,0,0,1,0,0,0,0,1,0,1,0,0,0,1,0
228.9694,6622.7126,0.040144377,11.65,13,1,0,0,0,0,1,0,0,1,0,0,1,0,0,1,0
145.9102,2187.153,0.007555176,17.5,20,0,0,1,0,1,0,0,0,1,0,1,0,0,0,1,0
236.2616,2533.369,0.101598896,15.369,13,1,0,0,0,0,1,0,0,1,0,0,0,1,0,1,0
195.8136,2332.9632,0.028498354,9.3,35,1,0,0,0,0,1,1,0,0,0,1,0,0,0,1,0
99.3384,2364.9216,0.04627095,6.15,25,1,0,0,1,0,0,0,0,1,0,1,0,0,0,1,0
59.4562,829.5868,0.161317495,15.7,13,0,1,0,0,0,1,0,0,1,0,0,1,0,0,0,1
132.1968,2870.9296,0.05997133,7.17,13,0,0,1,0,0,1,0,1,0,0,0,1,0,0,1,0
140.718,2656.542,0.012659235,18.2,13,1,0,0,0,0,1,0,1,0,0,0,1,0,0,1,0
92.4488,1019.87244,0.019912606,11.573,13,0,0,1,0,0,1,0,0,1,0,0,0,1,0,1,0
166.2842,2757.87676,0.071557769,14.973000000000004,18,0,1,0,0,0,1,0,0,1,0,0,0,1,0,0,1
157.4604,3010.7476,0.176573035,11.1,20,1,0,0,0,0,1,0,0,1,0,1,0,0,0,1,0
109.2228,3205.1612,0.087029712,12.345,37,1,0,0,0,0,1,0,1,0,0,0,0,1,0,1,0
198.411,3122.46884,0.141360118,15.389999999999995,13,0,0,1,0,0,1,0,0,1,0,0,0,1,0,1,0
178.9686,3219.8088,0.018007487,18.0,13,1,0,0,0,0,1,0,0,1,0,0,1,0,0,1,0
154.463,2190.482,0.170795745,18.25,18,0,0,1,0,1,0,0,0,1,0,1,0,0,0,1,0
73.9354,1655.1788,0.027052013,20.7,15,0,1,0,0,1,0,0,0,1,0,1,0,0,0,0,1
234.93,4330.76268,0.114246019,21.25,13,0,1,0,0,0,1,0,0,1,0,0,1,0,0,0,1
80.1644,1649.8524,0.079794329,9.0,15,1,0,0,0,1,0,0,0,1,0,1,0,0,0,1,0
170.2474,2243.34652,0.019616991,13.69,13,0,1,0,0,0,1,0,0,1,0,0,0,1,0,0,1
100.5332,1127.8652,0.144856342,7.21,23,0,0,1,1,0,0,0,1,0,0,1,0,0,0,1,0
83.1566,1099.2358,0.064376263,9.195,15,0,0,1,0,1,0,0,0,1,0,1,0,0,0,1,0
85.1908,2181.1608,0.075849167,11.65,25,0,0,1,1,0,0,0,0,1,0,1,0,0,0,1,0
186.2266,3678.67816,0.16147714,14.66,13,0,0,1,0,0,1,0,0,1,0,0,0,1,0,1,0
190.5872,1400.5768799999998,0.216478153,19.0,15,0,1,0,0,0,1,0,0,1,0,1,0,0,0,0,1
143.3154,2836.308,0.0816559,6.095,15,0,1,0,0,1,0,0,0,1,0,1,0,0,0,0,1
163.8552,2488.6272400000003,0.016804724,9.939,15,1,0,0,0,0,1,0,0,1,0,0,0,1,0,1,0
251.675,4244.475,0.021468792,10.0,20,0,1,0,0,1,0,0,0,1,0,1,0,0,0,0,1
240.3564,2956.8178,0.101626463,12.588,13,0,0,1,0,0,1,0,0,1,0,0,0,1,0,1,0
72.3038,960.7494,0.008579863,16.75,23,0,0,1,1,0,0,0,1,0,0,1,0,0,0,1,0
214.556,2769.728,0.094659871,6.155,25,0,0,1,1,0,0,0,0,1,0,1,0,0,0,1,0
155.5288,1414.1592,0.023492524,5.675,18,0,0,1,0,1,0,0,0,1,0,1,0,0,0,1,0
142.6496,3246.4408,0.041177505,16.0,15,1,0,0,0,1,0,0,0,1,0,1,0,0,0,1,0
145.147,2019.23824,0.015224339,10.685,13,0,1,0,0,0,1,0,0,1,0,0,0,1,0,0,1
128.0678,2797.6916,0.104704537,12.861,37,0,0,1,0,0,1,0,0,1,0,0,0,1,0,1,0
149.1418,588.5672,0.157246634,15.5,20,0,0,1,0,1,0,0,0,1,0,1,0,0,0,1,0
95.2752,1534.0032,0.179806961,6.175,13,0,0,1,0,0,1,0,1,0,0,0,1,0,0,1,0
169.3474,2130.82632,0.274592283,11.782,13,0,0,1,0,0,1,0,0,1,0,0,0,1,0,1,0
59.2588,656.21248,0.096958614,7.5,13,0,1,0,0,0,1,0,0,1,0,0,1,0,0,0,1
265.5568,790.9704,0.132630345,10.535999999999998,13,0,0,1,0,0,1,0,0,1,0,0,0,1,0,1,0
130.0626,131.1626,0.150554711,6.67,24,0,0,1,0,0,1,0,0,1,1,0,0,0,0,1,0
107.328,1714.4350000000002,0.165907543,9.395,13,1,0,0,0,0,1,0,0,1,0,0,1,0,0,1,0
150.3734,2345.0807600000003,0.142107998,14.74,13,1,0,0,0,0,1,0,0,1,0,0,0,1,0,1,0
176.137,3586.53144,0.123745045,15.428999999999998,13,1,0,0,0,0,1,0,0,1,0,0,0,1,0,1,0
99.77,798.96,0.059352241,7.76,18,1,0,0,0,1,0,0,0,1,0,1,0,0,0,1,0
266.8884,6359.7216,0.140311123,8.459,13,0,0,1,0,0,1,0,0,1,0,0,0,1,0,1,0
121.844,2869.86432,0.026010729,14.558000000000002,15,1,0,0,0,0,1,0,0,1,0,0,0,1,0,1,0
177.7712,4525.842079999999,0.156424341,13.329,15,1,0,0,0,0,1,0,0,1,0,0,0,1,0,1,0
99.87,1337.32588,0.132590283,9.772,13,1,0,0,0,0,1,0,0,1,0,0,0,1,0,1,0
123.0414,4629.9732,0.064240743,12.081,20,0,1,0,0,0,1,0,0,1,0,0,0,1,0,0,1
117.2808,1523.3504,0.039624006,20.85,13,1,0,0,0,0,1,0,1,0,0,0,1,0,0,1,0
54.764,1331.6,0.04192285,14.0,35,0,0,1,0,0,1,1,0,0,0,1,0,0,0,1,0
264.391,5259.82,0.027022883,17.5,15,1,0,0,0,1,0,0,0,1,0,1,0,0,0,1,0
127.9678,3560.6984,0.039428167,20.35,13,0,1,0,0,0,1,0,1,0,0,0,1,0,0,0,1
185.0608,3307.6944,0.015756784,19.5,20,0,1,0,0,1,0,0,0,1,0,1,0,0,0,0,1
119.9098,2048.6666,0.072284689,5.765,18,1,0,0,0,1,0,0,0,1,0,1,0,0,0,1,0
124.1072,2619.12404,0.054142088,12.882,13,0,0,1,0,0,1,0,0,1,0,0,0,1,0,1,0
260.6278,4425.5726,0.035984104,16.2,20,1,0,0,0,1,0,0,0,1,0,1,0,0,0,1,0
195.2478,4262.4516,0.016201845,8.51,15,0,1,0,0,1,0,0,0,1,0,1,0,0,0,0,1
106.928,2876.256,0.026749991,11.885,37,1,0,0,0,0,1,0,1,0,0,0,0,1,0,1,0
131.2968,3523.4136,0.102920886,6.11,24,0,0,1,0,0,1,0,0,1,0,1,0,0,0,1,0
49.7008,50.6008,0.05787008,13.45,37,0,0,1,1,0,0,0,0,1,1,0,0,0,0,1,0
118.115,1940.94016,0.040446145,9.349,13,1,0,0,0,0,1,0,0,1,0,0,0,1,0,1,0
45.9428,773.79276,0.02328537,10.782,15,0,0,1,0,0,1,0,0,1,0,0,0,1,0,1,0
167.1132,2874.9244,0.04575559,15.6,18,0,0,1,0,1,0,0,0,1,0,1,0,0,0,1,0
166.3526,3617.9572,0.061405051,7.865,15,1,0,0,0,0,1,0,0,1,0,1,0,0,0,1,0
51.535,848.895,0.017191055,7.935,20,1,0,0,0,1,0,0,0,1,0,1,0,0,0,1,0
127.4362,2265.0516,0.047801883,16.1,25,0,0,1,1,0,0,0,0,1,0,1,0,0,0,1,0
196.3794,3511.4292,0.01946418,14.034,35,0,1,0,0,0,1,0,1,0,0,0,0,1,0,0,1
61.5536,796.2968,0.076891526,6.13,20,1,0,0,0,1,0,0,0,1,0,1,0,0,1,0,0
152.234,3828.35,0.049754975,9.96,15,1,0,0,0,1,0,0,0,1,0,1,0,0,1,0,0
258.3304,3358.2952,0.013634468,17.5,18,1,0,0,0,0,1,0,0,1,0,1,0,0,0,1,0
156.5288,1571.288,0.021427082,20.7,18,1,0,0,0,1,0,0,0,1,0,1,0,0,0,1,0
198.4768,1379.5376,0.033287541,12.85,20,1,0,0,0,1,0,0,0,1,0,1,0,0,0,1,0
250.9408,3353.6346000000003,0.026420581,11.709,15,0,0,1,0,0,1,0,0,1,0,0,0,1,0,1,0
98.541,1581.67448,0.02844314,11.655,13,0,1,0,0,0,1,0,0,1,0,0,0,1,0,0,1
116.2492,2896.23,0.024482644,9.8,13,0,1,0,0,0,1,0,0,1,0,0,1,0,0,0,1
88.254,865.54,0.020686161,12.665,13,0,0,1,0,0,1,0,0,1,0,0,0,1,0,1,0
180.4002,716.4008,0.070660449,13.306,25,1,0,0,1,0,0,0,0,1,0,1,0,0,0,1,0
103.1016,708.4112,0.047364617,5.5,15,0,1,0,0,1,0,0,0,1,0,1,0,0,0,0,1
79.7986,1120.67456,0.091011438,13.830000000000002,13,1,0,0,0,0,1,0,0,1,0,0,0,1,0,1,0
82.6276,731.0484,0.040897932,17.7,35,0,0,1,0,0,1,1,0,0,0,1,0,0,0,1,0
148.7418,4561.3958,0.109003832,9.96,15,0,0,1,0,0,1,0,0,1,0,0,0,1,0,1,0
255.5698,4171.103840000001,0.102065622,14.124,13,0,1,0,0,0,1,0,0,1,0,0,0,1,0,0,1
227.4062,5191.2426,0.049722335,16.079,20,0,0,1,0,0,1,0,0,1,0,0,0,1,0,1,0
128.102,1564.0973600000002,0.04592756,13.541000000000002,13,1,0,0,0,0,1,0,0,1,0,0,0,1,0,1,0
242.8486,3420.8804,0.067128641,15.919,37,1,0,0,0,0,1,0,1,0,0,0,0,1,1,0,0
115.9834,345.5502,0.060237465,12.72,37,1,0,0,0,0,1,0,0,1,0,0,0,1,1,0,0
143.9786,866.8716,0.029843736,14.0,13,0,0,1,0,0,1,0,1,0,0,0,1,0,0,1,0
200.0742,2578.909720000001,0.020814797,9.187,13,1,0,0,0,0,1,0,0,1,0,0,0,1,0,1,0
190.953,2842.03388,0.20914265,13.303,13,1,0,0,0,0,1,0,0,1,0,0,0,1,0,1,0
198.9768,2734.70692,0.117994019,14.453,13,1,0,0,0,0,1,0,0,1,0,0,0,1,0,1,0
210.727,4844.893440000001,0.165073642,14.358,13,0,1,0,0,0,1,0,0,1,0,0,0,1,0,0,1
65.9484,1174.4712,0.070699313,13.0,13,0,0,1,0,0,1,0,0,1,0,0,1,0,0,1,0
191.9504,767.0016,0.148938624,18.35,20,0,1,0,0,0,1,0,0,1,0,1,0,0,0,0,1
188.3898,7296.5022,0.100114941,13.425999999999998,20,0,1,0,0,0,1,0,0,1,0,0,0,1,0,0,1
105.6648,623.1888,0.056695731,20.85,13,0,0,1,0,0,1,0,0,1,0,0,1,0,0,1,0
242.9854,6767.1912,0.148821808,15.309,18,1,0,0,0,0,1,0,0,1,0,0,0,1,0,1,0
182.095,732.38,0.022914478,19.2,18,0,0,1,0,0,1,0,0,1,0,1,0,0,0,1,0
237.559,3621.41936,0.112492619,10.0,13,1,0,0,0,0,1,0,0,1,0,0,1,0,0,1,0
165.0842,994.7052,0.054463442,16.35,24,1,0,0,0,0,1,0,0,1,0,1,0,0,0,1,0
159.3604,2612.5992,0.025860761,11.054,13,0,1,0,0,0,1,0,0,1,0,0,0,1,0,0,1
61.3194,2043.3402,0.082440705,11.441,37,0,1,0,0,0,1,0,1,0,0,0,0,1,0,0,1
51.935,199.74,0.154120252,7.84,13,0,0,1,0,0,1,0,1,0,0,0,1,0,0,1,0
96.9726,1076.5986,0.016687114,16.2,20,0,0,1,0,1,0,0,0,1,0,1,0,0,0,1,0
89.4856,1054.6272,0.129086113,16.75,23,1,0,0,1,0,0,0,1,0,0,1,0,0,0,1,0
256.7672,5624.6784,0.0,20.35,13,0,0,1,0,0,1,0,1,0,0,0,1,0,0,1,0
78.367,918.804,0.044869794,14.8,18,1,0,0,0,0,1,0,0,1,0,1,0,0,1,0,0
42.0138,690.4346,0.105274111,8.895,13,1,0,0,0,0,1,0,1,0,0,0,1,0,1,0,0
174.8738,347.5476,0.171417316,12.022000000000002,25,1,0,0,1,0,0,0,0,1,0,1,0,0,1,0,0
128.102,1564.0973600000002,0.046051414,13.541000000000002,15,1,0,0,0,0,1,0,0,1,0,0,0,1,0,1,0
102.699,3095.97,0.01516265,13.006,24,0,0,1,0,0,1,0,0,1,0,0,0,1,0,1,0
96.0726,1272.3438,0.026903714,19.7,20,0,1,0,0,1,0,0,0,1,0,1,0,0,0,0,1
152.3024,1821.6288,0.051952573,9.13,20,0,1,0,0,1,0,0,0,1,0,1,0,0,0,0,1
169.7474,673.7896,0.098803088,14.85,13,1,0,0,0,0,1,0,1,0,0,0,1,0,0,1,0
48.8718,516.26132,0.140582485,17.0,13,0,1,0,0,0,1,0,0,1,0,0,0,1,0,0,1
189.1188,3237.1196,0.038040837,17.85,15,1,0,0,0,1,0,0,0,1,0,1,0,0,1,0,0
147.905,1647.855,0.061883353,9.27,23,1,0,0,1,0,0,0,1,0,0,1,0,0,0,1,0
166.4526,2758.4094,0.037396492,13.373,13,1,0,0,0,0,1,0,0,1,0,0,0,1,1,0,0
91.812,372.848,0.061393095,14.109,37,1,0,0,1,0,0,0,0,1,1,0,0,0,1,0,0
99.7384,295.6152,0.008871687,8.68,13,1,0,0,0,0,1,0,1,0,0,0,1,0,0,1,0
210.1954,3444.849200000001,0.018148732,13.278,13,0,1,0,0,0,1,0,0,1,0,0,0,1,0,0,1
250.9066,1506.0396,0.093307713,7.39,15,0,1,0,0,1,0,0,0,1,0,1,0,0,0,0,1
113.3544,3467.4864,0.125222705,8.895,13,0,1,0,0,0,1,0,0,1,0,0,1,0,0,0,1
80.5618,322.2472,0.020542737,17.35,35,0,1,0,0,0,1,1,0,0,0,1,0,0,0,0,1
169.4816,503.3448,0.143870574,9.0,18,1,0,0,0,0,1,0,0,1,0,1,0,0,0,1,0
99.7042,1337.32588,0.12588618,11.912,13,1,0,0,0,0,1,0,0,1,0,0,0,1,0,1,0
104.799,2373.577,0.02236923,9.6,13,0,0,1,0,0,1,0,0,1,0,0,1,0,0,1,0
191.253,2388.2246,0.091924311,13.303,13,0,1,0,0,0,1,0,0,1,0,0,0,1,0,0,1
260.762,5437.45544,0.086145867,10.989,13,1,0,0,0,0,1,0,0,1,0,0,0,1,0,1,0
62.9536,2266.3832,0.018968743,11.441,20,0,0,1,0,0,1,0,0,1,0,0,0,1,0,1,0
218.4482,4819.0604,0.073906461,7.855,18,0,0,1,0,1,0,0,0,1,0,1,0,0,0,1,0
46.2086,884.4487200000001,0.051902594,13.597,15,0,1,0,0,0,1,0,0,1,0,0,0,1,0,0,1
64.2168,1661.8368,0.054937907,16.7,15,0,0,1,0,1,0,0,0,1,0,1,0,0,0,1,0
36.1874,333.83212,0.024331586,12.6,13,1,0,0,0,0,1,0,0,1,0,0,1,0,0,1,0
127.7362,2559.46836,0.119461188,15.38,20,0,1,0,0,0,1,0,0,1,0,0,0,1,0,0,1
39.2164,540.6296,0.041459804,10.5,23,1,0,0,1,0,0,0,0,1,0,1,0,0,0,1,0
170.979,3754.84568,0.150455041,10.704,13,0,0,1,0,0,1,0,0,1,0,0,0,1,0,1,0
112.1228,1608.43964,0.1408005,11.086,13,0,0,1,0,0,1,0,0,1,0,0,0,1,0,1,0
231.001,6103.5217600000005,0.13027716,13.354,20,0,1,0,0,0,1,0,0,1,0,0,0,1,0,0,1
196.5794,585.2382,0.0,17.85,24,1,0,0,0,0,1,0,0,1,1,0,0,0,0,1,0
140.2496,1693.7952,0.089859642,14.1,20,1,0,0,0,1,0,0,0,1,0,1,0,0,0,1,0
220.7798,6611.394,0.081465335,12.5,13,1,0,0,0,0,1,0,1,0,0,0,1,0,0,1,0
50.3034,145.8102,0.012184999,15.2,15,0,1,0,0,1,0,0,0,1,0,1,0,0,0,0,1
142.947,2365.72056,0.052239735,11.332,15,0,1,0,0,0,1,0,0,1,0,0,0,1,0,0,1
168.8816,167.7816,0.22417463,12.024,37,0,0,1,1,0,0,0,0,1,1,0,0,0,0,1,0
242.2538,3722.88728,0.274592283,18.51,13,0,0,1,0,0,1,0,0,1,0,0,0,1,0,1,0
220.7482,4019.70092,0.236616754,12.439,13,1,0,0,0,0,1,0,0,1,0,0,0,1,0,1,0
79.5986,934.7832,0.065431917,16.0,15,0,0,1,0,0,1,0,0,1,0,1,0,0,0,1,0
33.4558,713.0718,0.108470504,19.25,13,0,1,0,0,0,1,0,0,1,0,0,1,0,0,0,1
96.8068,1648.25448,0.02455854,15.399,20,0,0,1,0,0,1,0,0,1,0,0,0,1,0,1,0
193.982,1628.0141600000002,0.097275225,12.966,13,0,1,0,0,0,1,0,0,1,0,0,0,1,0,0,1
246.0776,990.7104,0.083198341,5.155,25,1,0,0,1,0,0,0,0,1,0,1,0,0,0,1,0
39.8506,1480.0734,0.079046992,15.2,37,0,1,0,0,0,1,0,1,0,0,0,0,1,0,0,1
185.8266,8114.7704,0.044377096,13.425999999999998,35,1,0,0,0,0,1,0,1,0,0,0,0,1,0,1,0
91.883,948.0992,0.13064231,13.899,18,1,0,0,0,0,1,0,0,1,0,1,0,0,0,1,0
257.5672,4008.914960000001,0.053288809,16.2,13,1,0,0,0,0,1,0,0,1,0,0,0,1,0,1,0
95.5778,1224.4062,0.041063069,11.366,13,1,0,0,0,0,1,0,0,1,0,0,0,1,0,1,0
60.4562,770.3306,0.036241797,11.767,13,1,0,0,0,0,1,0,0,1,0,0,0,1,0,1,0
92.2488,1358.232,0.082085787,12.5,13,0,0,1,0,0,1,0,1,0,0,0,1,0,0,1,0
250.5382,2775.7202,0.141398626,15.75,15,1,0,0,0,1,0,0,0,1,0,1,0,0,1,0,0
232.3668,6306.99024,0.149062064,14.88,13,0,0,1,0,0,1,0,0,1,0,0,0,1,0,1,0
112.2228,1396.31576,0.037824735,13.384,13,1,0,0,0,0,1,0,0,1,0,0,0,1,0,1,0
81.4618,241.6854,0.098312421,15.231,23,0,1,0,0,0,1,0,0,1,0,0,0,1,0,0,1
151.7682,762.341,0.086708987,8.88,35,1,0,0,0,0,1,1,0,0,0,1,0,0,1,0,0
155.7314,3412.8908,0.264124669,9.43,13,0,0,1,0,0,1,0,0,1,0,0,1,0,0,1,0
49.2034,729.051,0.137697119,19.35,24,0,0,1,0,0,1,0,0,1,0,1,0,0,0,1,0
107.8622,1589.53092,0.284065879,12.358,13,1,0,0,0,0,1,0,0,1,0,0,1,0,0,1,0
49.8376,393.08832,0.28701714,13.532,15,0,0,1,0,0,1,0,0,1,0,0,0,1,0,1,0
176.3396,3809.97392,0.045308629,15.429000000000002,13,0,1,0,0,0,1,0,0,1,0,0,0,1,0,0,1
157.7972,1713.7692,0.019866705,8.02,18,0,1,0,0,0,1,0,0,1,0,1,0,0,0,0,1
243.5512,4945.82872,0.279783532,13.622,13,1,0,0,0,0,1,0,0,1,0,0,0,1,1,0,0
124.3072,2619.12404,0.051794958,12.882,13,0,0,1,0,0,1,0,0,1,0,0,0,1,0,1,0
62.7194,990.7104,0.049058014,12.6,13,1,0,0,0,0,1,0,0,1,0,0,1,0,0,1,0
54.0614,1160.4894,0.171281641,14.65,15,1,0,0,0,1,0,0,0,1,0,1,0,0,1,0,0
114.4176,343.5528,0.030616757,10.3,18,0,0,1,0,1,0,0,0,1,0,1,0,0,0,1,0
174.537,1235.059,0.029158763,9.695,18,0,0,1,0,1,0,0,0,1,0,1,0,0,0,1,0
182.0318,5954.2494,0.035185588,12.726000000000004,25,1,0,0,0,0,1,0,0,1,0,0,0,1,0,1,0
53.2666,550.48344,0.056033565,11.85,13,0,0,1,0,0,1,0,0,1,0,0,1,0,0,1,0
172.808,2250.404,0.145631695,7.59,13,0,0,1,0,0,1,0,1,0,0,0,1,0,0,1,0
196.8768,7094.7648,0.100277876,12.902,37,0,0,1,0,0,1,0,1,0,0,0,0,1,0,1,0
189.6188,952.094,0.011324862,7.855,13,1,0,0,0,0,1,0,0,1,0,0,1,0,0,1,0
258.5646,6183.9504,0.078719835,8.05,13,0,0,1,0,0,1,0,0,1,0,0,1,0,0,1,0
198.5768,6897.688,0.161350176,12.902,24,1,0,0,0,0,1,0,0,1,0,0,0,1,1,0,0
105.099,1581.275,0.054363971,13.687,13,1,0,0,0,0,1,0,0,1,0,0,0,1,0,1,0
180.7634,2181.1608,0.041291169,14.0,25,1,0,0,1,0,0,0,0,1,0,1,0,0,0,1,0
231.7642,5344.3766,0.059776237,15.919,37,0,1,0,0,0,1,0,1,0,0,0,0,1,0,0,1
53.1666,859.14832,0.047387144,10.6,13,0,0,1,0,0,1,0,0,1,0,0,1,0,0,1,0
125.173,2956.152,0.088821765,8.895,15,0,0,1,0,1,0,0,0,1,0,1,0,0,0,1,0
56.0614,994.7052,0.022059594,8.93,20,0,1,0,0,0,1,0,0,1,0,1,0,0,0,0,1
132.9626,3268.94484,0.029529474,12.277,13,0,1,0,0,0,1,0,0,1,0,0,0,1,0,0,1
55.7298,690.30144,0.070354806,13.686000000000002,13,1,0,0,0,0,1,0,0,1,0,0,0,1,0,1,0
125.6678,4832.3764,0.050692386,12.081,37,0,1,0,0,0,1,0,1,0,0,0,0,1,0,0,1
173.2054,3151.8972,0.0,9.1,20,0,0,1,0,1,0,0,0,1,0,1,0,0,0,1,0
86.5566,1290.3204,0.03627089,11.049,13,1,0,0,0,0,1,0,0,1,0,0,0,1,0,1,0
158.6578,2406.867,0.020989132,9.285,35,0,0,1,0,0,1,1,0,0,0,1,0,0,0,1,0
143.2154,1418.154,0.090153756,16.0,20,1,0,0,0,1,0,0,0,1,0,1,0,0,0,1,0
226.9404,5813.36612,0.017093789,12.822000000000005,13,0,0,1,0,0,1,0,0,1,0,0,0,1,0,1,0
115.3518,1821.6288,0.089686322,14.75,13,1,0,0,0,0,1,0,1,0,0,0,1,0,0,1,0
150.4734,2345.08076,0.036012919,14.74,13,1,0,0,0,0,1,0,0,1,0,0,1,0,0,1,0
250.2092,5976.2208,0.016054884,9.3,20,1,0,0,0,1,0,0,0,1,0,1,0,0,0,1,0
125.9704,1877.556,0.09357779,11.8,35,0,0,1,0,0,1,1,0,0,0,1,0,0,0,1,0
67.5142,958.88516,0.073783159,8.304,13,0,1,0,0,0,1,0,0,1,0,0,0,1,0,0,1
105.3306,1045.306,0.024579432,5.63,23,0,0,1,1,0,0,0,1,0,0,1,0,0,0,1,0
123.473,369.519,0.0,12.151,37,0,1,0,1,0,0,0,0,1,1,0,0,0,0,0,1
191.353,2704.08012,0.021184746,14.093,13,0,1,0,0,0,1,0,0,1,0,0,1,0,0,0,1
117.2492,2432.8332,0.008596051,11.8,13,0,1,0,0,0,1,0,0,1,0,0,1,0,0,0,1
241.8854,483.3708,0.078764059,15.919,37,1,0,0,0,0,1,0,0,1,0,0,0,1,0,1,0
152.6024,4402.2696,0.130867413,9.96,18,1,0,0,0,0,1,0,0,1,0,0,0,1,0,1,0
92.7146,1000.43108,0.026738937,11.503,13,1,0,0,0,0,1,0,0,1,0,0,0,1,0,1,0
231.601,5318.80988,0.063972131,15.41,13,0,1,0,0,0,1,0,0,1,0,0,0,1,0,0,1
172.7106,4628.50844,0.080257683,14.34,13,0,1,0,0,0,1,0,0,1,0,0,0,1,0,0,1
39.7506,156.32984000000002,0.012709331,11.761,13,0,1,0,0,0,1,0,0,1,0,0,0,1,0,0,1
230.6352,916.1408,0.179484411,15.919,18,1,0,0,0,1,0,0,0,1,0,1,0,0,0,1,0
57.493,226.372,0.162462044,13.8,18,1,0,0,0,0,1,0,0,1,0,1,0,0,1,0,0
197.3768,7488.9184,0.068604503,12.902,37,0,0,1,0,0,1,0,1,0,0,0,0,1,0,1,0
257.633,7433.657,0.135375727,10.726,13,0,0,1,0,0,1,0,0,1,0,0,0,1,0,1,0
99.5358,1316.55292,0.005997615,11.912,13,0,0,1,0,0,1,0,0,1,0,0,0,1,0,1,0
197.9768,2482.7682,0.028999721,13.339000000000002,13,1,0,0,0,0,1,0,0,1,0,0,0,1,1,0,0
39.2848,295.34888,0.162461219,14.62,13,0,0,1,0,0,1,0,0,1,0,0,1,0,0,1,0
161.3578,2993.17048,0.017887474,7.145,13,1,0,0,0,0,1,0,0,1,0,0,1,0,0,1,0
239.4564,5243.8408,0.167799329,9.895,18,1,0,0,0,1,0,0,0,1,0,1,0,0,1,0,0
115.2518,965.01052,0.100322104,14.274,13,1,0,0,0,0,1,0,0,1,0,0,0,1,0,1,0
231.1668,6911.004,0.016001434,13.65,15,1,0,0,0,1,0,0,0,1,0,1,0,0,0,1,0
124.5072,4042.7376,0.041622264,12.6,23,0,0,1,1,0,0,0,0,1,0,1,0,0,0,1,0
190.6872,4916.2672,0.012518707,19.75,15,1,0,0,0,1,0,0,0,1,0,1,0,0,0,1,0
193.4504,2876.256,0.083016832,10.8,15,1,0,0,0,1,0,0,0,1,0,1,0,0,0,1,0
108.7596,4098.6648,0.078502143,9.195,15,0,0,1,0,0,1,0,0,1,0,1,0,0,0,1,0
253.4724,6795.1548,0.114160573,17.25,15,0,1,0,0,1,0,0,0,1,0,1,0,0,0,0,1
226.172,3169.208,0.042560252,7.365,25,1,0,0,1,0,0,0,0,1,0,1,0,0,0,1,0
114.2518,569.259,0.071222087,7.27,20,1,0,0,0,1,0,0,0,1,0,1,0,0,1,0,0
180.6002,895.501,0.14453827,11.256,13,1,0,0,0,0,1,0,0,1,0,0,1,0,0,1,0
155.263,1721.093,0.105018817,16.75,23,1,0,0,1,0,0,0,1,0,0,1,0,0,0,1,0
43.6454,125.8362,0.072221801,15.2,37,0,0,1,1,0,0,0,0,1,1,0,0,0,0,1,0
121.1782,2504.2069600000004,0.060672263,9.293,13,0,1,0,0,0,1,0,0,1,0,0,1,0,0,0,1
42.9112,426.112,0.191013663,14.102,18,0,0,1,0,1,0,0,0,1,0,1,0,0,1,0,0
60.2904,644.4944,0.073480266,7.06,20,0,0,1,0,0,1,0,0,1,0,1,0,0,0,1,0
38.3164,540.6296,0.043479126,15.85,15,1,0,0,0,1,0,0,0,1,0,1,0,0,0,1,0
248.675,4993.5,0.034823127,15.309,20,1,0,0,0,0,1,0,0,1,0,0,0,1,0,1,0
174.4054,3064.94372,0.04500603,12.05,13,1,0,0,0,0,1,0,0,1,0,0,0,1,0,1,0
37.3164,38.6164,0.143592939,15.2,37,1,0,0,1,0,0,0,0,1,1,0,0,0,0,1,0
178.7028,2697.6884400000004,0.097059596,13.644,13,0,0,1,0,0,1,0,0,1,0,0,0,1,0,1,0
88.7198,1946.26656,0.019880322,13.315,13,0,0,1,0,0,1,0,0,1,0,0,0,1,0,1,0
38.419,776.9886,0.024546148,15.4,15,1,0,0,0,0,1,0,0,1,0,0,0,1,0,1,0
187.3872,2647.2208,0.014270394,9.6,13,0,0,1,0,0,1,0,1,0,0,0,1,0,0,1,0
91.4488,543.2928,0.036463975,16.85,20,1,0,0,0,1,0,0,0,1,0,1,0,0,0,1,0
188.9898,2779.98132,0.010615026,10.829000000000002,13,1,0,0,0,0,1,0,0,1,0,0,0,1,0,1,0
221.5798,4187.2162,0.13312044,11.0,18,0,0,1,0,1,0,0,0,1,0,1,0,0,0,1,0
78.067,1124.00356,0.052749199,12.84,13,1,0,0,0,0,1,0,0,1,0,0,1,0,0,1,0
192.7478,387.4956,0.062606583,20.85,24,1,0,0,0,0,1,0,0,1,0,1,0,0,0,1,0
138.718,1398.18,0.045818773,10.0,35,1,0,0,0,0,1,1,0,0,0,1,0,0,0,1,0
195.5478,2998.49688,0.188151371,20.5,13,0,0,1,0,0,1,0,0,1,0,0,1,0,0,1,0
190.4872,2840.43596,0.069745165,15.24,13,1,0,0,0,0,1,0,0,1,0,0,0,1,1,0,0
184.1292,547.2876,0.153741385,13.786,24,1,0,0,0,0,1,0,0,1,1,0,0,0,0,1,0
153.4656,1853.5872,0.030379382,10.1,15,0,1,0,0,1,0,0,0,1,0,1,0,0,0,0,1
162.1236,2577.9776,0.137858955,8.895,23,0,0,1,1,0,0,0,1,0,0,1,0,0,0,1,0
89.8856,966.7416,0.065207559,14.3,25,0,0,1,1,0,0,0,0,1,0,1,0,0,0,1,0
161.7578,4492.8184,0.109153001,20.75,13,1,0,0,0,0,1,0,0,1,0,0,1,0,0,1,0
234.93,932.12,0.098606543,15.919,20,0,0,1,0,1,0,0,0,1,0,1,0,0,0,1,0
51.6982,1262.3568,0.042352822,14.15,13,1,0,0,0,0,1,0,1,0,0,0,1,0,1,0,0
185.1608,2388.8904,0.053527105,12.85,23,0,1,0,1,0,0,0,1,0,0,1,0,0,0,0,1
47.2402,505.3422,0.016060186,17.6,20,0,0,1,0,1,0,0,0,1,0,1,0,0,0,1,0
40.2138,81.2276,0.075836522,11.901,18,1,0,0,0,0,1,0,0,1,0,0,0,1,1,0,0
37.6532,575.2512,0.126765903,16.75,15,0,1,0,0,0,1,0,0,1,0,1,0,0,0,0,1
48.2692,443.4228,0.019278216,5.92,13,0,0,1,0,0,1,0,1,0,0,0,1,0,1,0,0
152.2024,3643.2576,0.050786366,9.0,15,0,0,1,0,1,0,0,0,1,0,1,0,0,0,1,0
115.6518,1077.2643999999998,0.077193256,13.984,13,0,0,1,0,0,1,0,0,1,0,0,0,1,0,1,0
266.8884,5238.248079999999,0.21799414,10.072,13,1,0,0,0,0,1,0,0,1,0,0,1,0,0,1,0
231.7668,6614.190359999999,0.063302674,14.88,18,0,0,1,0,0,1,0,0,1,0,0,0,1,0,1,0
171.3764,3091.9752,0.031382044,9.444,37,0,0,1,0,0,1,0,1,0,0,0,0,1,0,1,0
161.1578,3033.78428,0.238579765,10.5,18,0,0,1,0,0,1,0,0,1,0,1,0,0,0,1,0
90.3146,1733.0774,0.093765794,7.325,13,1,0,0,0,0,1,0,1,0,0,0,1,0,0,1,0
111.586,3395.58,0.059281315,11.059,20,1,0,0,0,1,0,0,0,1,0,1,0,0,0,1,0
95.9752,95.8752,0.087854925,15.619,18,1,0,0,0,1,0,0,0,1,0,1,0,0,1,0,0
89.7488,1901.5248,0.123449671,14.109,37,1,0,0,0,0,1,0,1,0,0,0,0,1,0,1,0
101.199,1031.99,0.068125756,16.5,25,0,0,1,1,0,0,0,0,1,0,1,0,0,0,1,0
79.8986,1120.67456,0.075035902,13.830000000000002,13,0,0,1,0,0,1,0,0,1,0,0,0,1,0,1,0
151.6708,3460.8284,0.03616416,11.395,24,0,1,0,0,0,1,0,0,1,0,1,0,0,0,0,1
123.8046,3486.1288,0.075620262,18.25,15,1,0,0,0,1,0,0,0,1,0,1,0,0,0,1,0
196.9452,1839.47224,0.036921781,14.268,13,0,0,1,0,0,1,0,0,1,0,0,0,1,0,1,0
121.244,2504.2069600000004,0.080747059,9.293,13,1,0,0,0,0,1,0,0,1,0,0,0,1,0,1,0
110.657,2087.283,0.038718195,12.35,15,0,0,1,0,1,0,0,0,1,0,1,0,0,0,1,0
82.4276,1137.1864,0.183507295,14.15,25,1,0,0,1,0,0,0,0,1,0,1,0,0,1,0,0
86.9224,733.4452799999999,0.0375513,9.505,13,1,0,0,0,0,1,0,0,1,0,0,0,1,0,1,0
188.3898,3979.22028,0.227609738,11.692,15,1,0,0,0,0,1,0,0,1,0,1,0,0,0,1,0
55.9298,107.8596,0.0,13.45,37,0,0,1,1,0,0,0,0,1,1,0,0,0,0,1,0
229.9694,4496.94636,0.208162156,14.0,13,1,0,0,0,0,1,0,0,1,0,0,0,1,0,1,0
146.7102,3791.0652,0.156094569,9.96,15,0,1,0,0,1,0,0,0,1,0,1,0,0,0,0,1
155.1998,2392.08624,0.078057026,9.188,13,0,0,1,0,0,1,0,0,1,0,0,0,1,0,1,0
225.1088,4697.8848,0.053584207,10.1,18,0,0,1,0,0,1,0,0,1,0,1,0,0,0,1,0
89.6856,1256.49776,0.100966837,9.395,13,0,0,1,0,0,1,0,0,1,0,0,1,0,0,1,0
184.2608,6064.1064,0.0,13.786,37,0,0,1,0,0,1,0,1,0,0,0,0,1,0,1,0
164.721,2439.35804,0.05837308,5.11,13,0,1,0,0,0,1,0,0,1,0,0,1,0,0,0,1
165.0842,2320.9788,0.038705317,17.1,35,0,1,0,0,0,1,1,0,0,0,1,0,0,0,0,1
116.1492,1274.3412,0.034640466,13.85,20,1,0,0,0,1,0,0,0,1,0,1,0,0,1,0,0
189.0898,2634.83692,0.05190652,5.73,20,1,0,0,0,0,1,0,0,1,0,1,0,0,1,0,0
58.8878,1151.1682,0.143129124,8.905,25,1,0,0,1,0,0,0,0,1,0,1,0,0,0,1,0
153.4682,2287.023,0.063750302,9.43,37,1,0,0,0,0,1,0,1,0,0,0,0,1,0,1,0
154.6314,6515.5188,0.0,9.43,15,0,0,1,0,0,1,0,0,1,0,0,0,1,0,1,0
148.9418,2034.81796,0.023805745,10.843,13,0,1,0,0,0,1,0,0,1,0,0,0,1,0,0,1
109.8596,1770.49536,0.028382853,11.693,13,0,1,0,0,0,1,0,0,1,0,0,1,0,0,0,1
74.5038,739.038,0.014689006,17.35,18,1,0,0,0,1,0,0,0,1,0,1,0,0,0,1,0
95.012,1195.7768,0.245407386,13.609000000000004,15,0,0,1,0,0,1,0,0,1,0,0,0,1,0,1,0
95.6436,661.8052,0.123115764,6.305,25,0,0,1,1,0,0,0,0,1,0,1,0,0,0,1,0
110.7228,1657.842,0.031346387,9.5,15,1,0,0,0,1,0,0,0,1,0,1,0,0,0,1,0
38.319,768.999,0.136124989,20.0,13,0,1,0,0,0,1,0,0,1,0,0,1,0,0,0,1
106.9254,3038.7112,0.037539164,11.5,35,0,0,1,0,0,1,1,0,0,0,1,0,0,0,1,0
116.2492,115.8492,0.169943195,12.04,37,0,1,0,1,0,0,0,0,1,1,0,0,0,0,0,1
194.6136,583.2408,0.293417759,15.889,23,0,1,0,0,0,1,0,0,1,0,1,0,0,0,0,1
197.211,3731.809,0.024454052,14.15,20,0,0,1,0,1,0,0,0,1,0,1,0,0,0,1,0
129.6994,1413.4934,0.037918142,10.0,13,0,0,1,0,0,1,0,1,0,0,0,1,0,0,1,0
175.008,4672.71756,0.18413701,7.1,13,1,0,0,0,0,1,0,0,1,0,0,1,0,0,1,0
231.03,5359.69,0.119418124,13.6,20,0,0,1,0,1,0,0,0,1,0,1,0,0,0,1,0
225.0404,5851.0504,0.05706009,16.0,25,1,0,0,0,0,1,0,0,1,0,1,0,0,0,1,0
171.379,2886.243,0.081096613,5.82,13,0,1,0,0,0,1,0,0,1,0,0,1,0,0,0,1
115.6176,2519.3872,0.049167388,17.6,20,1,0,0,0,1,0,0,0,1,0,1,0,0,0,1,0
108.6912,3057.3536,0.049349121,12.345,37,0,0,1,0,0,1,0,1,0,0,0,0,1,0,1,0
227.6062,7222.5984,0.062764429,14.379,15,0,0,1,0,0,1,0,0,1,0,0,0,1,0,1,0
181.7976,3259.7568,0.059393919,14.6,18,0,1,0,0,1,0,0,0,1,0,1,0,0,0,0,1
154.2682,2849.89032,0.081651443,12.02,13,1,0,0,0,0,1,0,0,1,0,0,0,1,0,1,0
250.8724,3775.086,0.138190277,18.85,35,0,0,1,0,0,1,1,0,0,0,1,0,0,0,1,0
84.3592,1816.3024,0.019199733,20.5,25,0,0,1,1,0,0,0,0,1,0,1,0,0,0,1,0
217.4192,3745.7908,0.052691046,11.846,13,1,0,0,0,0,1,0,0,1,0,0,1,0,0,1,0
215.685,649.155,0.026192765,9.8,13,1,0,0,0,0,1,0,1,0,0,0,1,0,0,1,0
56.7614,925.72832,0.061521569,12.1,13,0,0,1,0,0,1,0,0,1,0,0,1,0,1,0,0
107.128,1731.7458,0.148742896,12.629,15,1,0,0,0,0,1,0,0,1,0,0,0,1,0,1,0
62.751,759.012,0.089069748,7.785,13,1,0,0,0,0,1,0,1,0,0,0,1,0,0,1,0
192.4478,4843.695,0.160760054,16.85,15,0,0,1,0,1,0,0,0,1,0,1,0,0,0,1,0
145.7128,2025.23044,0.036628533,12.794999999999998,13,1,0,0,0,0,1,0,0,1,0,0,0,1,1,0,0
247.846,4401.6038,0.103188491,13.714,13,0,1,0,0,0,1,0,0,1,0,0,0,1,0,0,1
194.282,2219.91036,0.095587976,12.629,13,0,0,1,0,0,1,0,0,1,0,0,0,1,0,1,0
119.1808,351.5424,0.075291577,10.195,24,0,0,1,0,0,1,0,0,1,1,0,0,0,0,1,0
101.4674,2954.1546,0.093027718,5.32,23,0,1,0,1,0,0,0,1,0,0,1,0,0,0,0,1
112.9886,1667.829,0.100230114,19.2,23,1,0,0,1,0,0,0,1,0,0,1,0,0,0,1,0
112.7544,1999.79688,0.060154968,9.595,13,0,0,1,0,0,1,0,0,1,0,0,0,1,0,1,0
108.4254,217.0508,0.075215349,12.345,37,0,0,1,1,0,0,0,0,1,1,0,0,0,0,1,0
50.5008,708.4112,0.030869612,16.05,20,1,0,0,0,0,1,0,0,1,0,0,0,1,0,1,0
178.5344,2854.9504,0.046208155,11.426000000000002,13,0,0,1,0,0,1,0,1,0,0,0,0,1,0,1,0
185.9556,4318.3788,0.04792722,20.6,18,0,0,1,0,1,0,0,0,1,0,1,0,0,0,1,0
189.3556,2253.0672,0.01612717,13.425999999999998,37,0,0,1,0,0,1,0,1,0,0,0,0,1,0,1,0
149.605,3745.125,0.146895866,17.35,13,0,0,1,0,0,1,0,1,0,0,0,1,0,0,1,0
63.0536,1423.4804,0.096732533,15.087,15,1,0,0,0,0,1,0,0,1,0,0,0,1,0,1,0
190.9872,2400.60848,0.142425145,9.5,13,1,0,0,0,0,1,0,0,1,0,0,1,0,1,0,0
64.951,584.0397599999999,0.00963535,11.1,13,1,0,0,0,0,1,0,0,1,0,0,0,1,0,1,0
90.0804,643.1628,0.113720344,14.109,37,1,0,0,0,0,1,0,0,1,0,0,0,1,0,1,0
90.2804,1653.8472,0.0,16.25,13,1,0,0,0,0,1,0,0,1,0,0,1,0,0,1,0
180.0318,3969.4996,0.061330521,16.5,20,0,1,0,0,0,1,0,0,1,0,1,0,0,0,0,1
156.5314,2398.74424,0.224472159,10.169,13,1,0,0,0,0,1,0,0,1,0,0,0,1,0,1,0
101.9358,1385.13032,0.055162827,16.080000000000002,13,0,1,0,0,0,1,0,0,1,0,0,0,1,0,0,1
106.9964,1731.7458,0.024086626,12.629,15,0,1,0,0,0,1,0,0,1,0,0,0,1,0,0,1
224.0772,6197.2664,0.308145448,12.010000000000002,13,1,0,0,0,0,1,0,0,1,0,0,0,1,0,1,0
172.3422,7759.899,0.024776026,9.444,37,0,0,1,0,0,1,0,1,0,0,0,0,1,0,1,0
34.9558,67.9116,0.267352587,16.1,24,0,0,1,0,0,1,0,0,1,1,0,0,0,0,1,0
44.777,952.094,0.030877303,16.03,15,1,0,0,0,0,1,0,0,1,0,0,0,1,1,0,0
34.4558,663.8026,0.066657791,13.75,13,1,0,0,0,0,1,0,0,1,0,0,0,1,0,1,0
228.7352,5954.9152,0.030890618,8.42,23,0,0,1,1,0,0,0,1,0,0,1,0,0,0,1,0
224.4404,6976.2524,0.144338493,14.379,13,0,1,0,0,0,1,0,1,0,0,0,0,1,0,0,1
96.9384,2167.8448,0.018757586,13.476,37,0,1,0,0,0,1,0,1,0,0,0,0,1,0,0,1
53.1298,808.947,0.223440258,4.88,18,0,0,1,0,0,1,0,0,1,0,1,0,0,0,1,0
238.3248,711.0744,0.011351778,10.5,15,0,1,0,0,0,1,0,0,1,0,1,0,0,0,0,1
76.8354,451.4124,0.037690731,7.445,23,1,0,0,1,0,0,0,0,1,0,1,0,0,0,1,0
164.3842,4476.1734,0.044391149,9.991,37,1,0,0,0,0,1,0,1,0,0,0,0,1,0,1,0
103.5332,1442.65544,0.069098084,6.935,13,0,0,1,0,0,1,0,0,1,0,0,1,0,0,1,0
89.4172,178.4344,0.045105407,12.566,37,1,0,0,1,0,0,0,0,1,1,0,0,0,0,1,0
232.63,5359.69,0.101338651,14.999,37,0,0,1,0,0,1,0,1,0,0,0,0,1,0,1,0
196.5452,1839.47224,0.055241242,14.268,13,1,0,0,0,0,1,0,0,1,0,0,0,1,0,1,0
94.4462,1525.74728,0.024387984,16.133,18,1,0,0,0,0,1,0,0,1,0,0,0,1,0,1,0
75.0696,74.5696,0.063649582,15.231,24,1,0,0,0,0,1,0,0,1,1,0,0,0,0,1,0
172.6422,2931.5174,0.047645037,18.0,15,0,1,0,0,1,0,0,0,1,0,1,0,0,0,0,1
41.048,472.718,0.05486977,13.454000000000002,15,0,1,0,0,0,1,0,0,1,0,0,0,1,0,0,1
120.3098,843.5686,0.072863893,12.04,18,0,0,1,0,0,1,0,0,1,0,0,0,1,0,1,0
47.1744,811.74336,0.106971167,14.818,13,0,0,1,0,0,1,0,0,1,0,0,0,1,0,1,0
265.0884,8479.6288,0.24749009,10.726,15,1,0,0,0,0,1,0,0,1,0,1,0,0,0,1,0
152.8366,2070.90432,0.104784329,13.426000000000002,13,1,0,0,0,0,1,0,0,1,0,0,0,1,0,1,0
231.101,6103.5217600000005,0.030516069,13.354,13,1,0,0,0,0,1,0,0,1,0,0,0,1,0,1,0
226.8036,3415.554,0.022460102,20.1,23,0,0,1,1,0,0,0,1,0,0,1,0,0,0,1,0
225.4088,5000.95696,0.099780431,14.013,13,0,0,1,0,0,1,0,0,1,0,0,0,1,0,1,0
256.1646,7472.2734,0.064052392,10.726,37,1,0,0,0,0,1,0,1,0,0,0,0,1,0,1,0
121.044,3475.476,0.06823032,12.831,13,0,0,1,0,0,1,0,0,1,0,0,0,1,0,1,0
103.8674,1525.08148,0.122565413,17.7,13,0,0,1,0,0,1,0,0,1,0,0,1,0,0,1,0
123.1414,4264.449,0.008764786,9.21,25,1,0,0,1,0,0,0,0,1,0,1,0,0,0,1,0
128.831,1428.141,0.057827101,8.985,25,0,0,1,1,0,0,0,0,1,0,1,0,0,0,1,0
225.3746,5000.95696,0.098170402,14.013,15,1,0,0,0,0,1,0,0,1,0,0,0,1,0,1,0
162.2868,2620.5888,0.120497266,8.39,25,0,1,0,1,0,0,0,0,1,0,1,0,0,0,0,1
168.4158,334.2316,0.132327406,9.444,35,1,0,0,0,0,1,0,0,1,0,1,0,0,0,1,0
208.5638,2691.8294,0.07376631,16.5,35,1,0,0,0,0,1,1,0,0,0,1,0,0,0,1,0
117.1808,703.0848,0.028738058,10.85,20,0,1,0,0,1,0,0,0,1,0,1,0,0,0,0,1
168.3816,5033.448,0.065520388,9.444,25,0,0,1,0,0,1,0,0,1,0,0,0,1,0,1,0
184.495,2807.27912,0.073251428,11.319,13,1,0,0,0,0,1,0,0,1,0,0,0,1,0,1,0
207.5638,4555.4036,0.123086812,11.923000000000002,20,1,0,0,0,0,1,0,0,1,0,0,0,1,0,1,0
144.847,1380.8692,0.181114059,10.462,13,1,0,0,0,0,1,0,0,1,0,0,0,1,0,1,0
247.846,3448.844,0.076709639,12.3,20,0,1,0,0,1,0,0,0,1,0,1,0,0,0,0,1
235.0958,5141.3076,0.096733815,19.1,18,1,0,0,0,1,0,0,0,1,0,1,0,0,0,1,0
189.3846,5350.3688,0.023673342,16.1,13,1,0,0,0,0,1,0,0,1,0,0,1,0,1,0,0
63.6194,1239.18696,0.076868664,10.55,13,0,0,1,0,0,1,0,0,1,0,0,0,1,0,1,0
228.601,4823.721,0.071091591,18.7,15,0,0,1,0,1,0,0,0,1,0,1,0,0,0,1,0
126.5046,373.5138,0.042485444,12.15,13,0,0,1,0,0,1,0,1,0,0,0,1,0,0,1,0
107.3622,3281.7282,0.051643608,12.345,35,0,0,1,0,0,1,0,0,1,0,1,0,0,0,1,0
59.822,659.142,0.112271498,11.231,18,1,0,0,0,0,1,0,0,1,0,0,0,1,0,1,0
177.1054,4416.38456,0.173703549,12.538,13,0,0,1,0,0,1,0,0,1,0,0,0,1,0,1,0
159.0262,5887.6694,0.096730427,9.732,37,0,0,1,0,0,1,0,1,0,0,0,0,1,0,1,0
184.4292,2842.69968,0.084273286,11.319,13,1,0,0,0,0,1,0,0,1,0,0,0,1,0,1,0
178.437,2697.6884399999994,0.099731744,13.644,15,1,0,0,0,0,1,0,0,1,0,0,0,1,0,1,0
150.9392,1387.12772,0.076020756,12.928999999999998,13,0,1,0,0,0,1,0,0,1,0,0,0,1,0,0,1
229.0668,3225.1352,0.087977262,14.1,18,1,0,0,0,1,0,0,0,1,0,1,0,0,1,0,0
242.4196,3722.88728,0.171079215,15.832999999999998,13,0,1,0,0,0,1,0,0,1,0,0,0,1,0,0,1
51.4008,556.6088,0.0,10.395,13,0,0,1,0,0,1,0,1,0,0,0,1,0,0,1,0
109.1938,1851.98928,0.123726711,11.773,13,1,0,0,0,0,1,0,0,1,0,0,0,1,0,1,0
65.6168,707.0796,0.027827268,10.032,13,0,1,0,0,0,1,0,0,1,0,0,0,1,0,0,1
160.5578,4974.1918,0.118149377,9.528,15,0,0,1,0,0,1,0,0,1,0,0,0,1,0,1,0
57.2272,950.89556,0.041970938,13.91,13,1,0,0,0,0,1,0,0,1,0,0,0,1,0,1,0
129.9994,3340.9844,0.019292355,12.861,37,0,1,0,0,0,1,0,1,0,0,0,0,1,0,0,1
75.367,535.969,0.027106459,10.1,23,1,0,0,1,0,0,0,1,0,0,1,0,0,0,1,0
266.6884,5238.248079999999,0.121765124,10.072,13,0,1,0,0,0,1,0,0,1,0,0,0,1,0,0,1
55.5298,647.1576,0.175033524,11.65,15,1,0,0,0,1,0,0,0,1,0,1,0,0,0,1,0
249.2776,3538.59384,0.046609281,12.125,13,0,1,0,0,0,1,0,0,1,0,0,0,1,0,0,1
89.6514,1239.7196,0.041459372,19.6,13,0,1,0,0,0,1,0,1,0,0,0,1,0,0,0,1
188.653,4364.319,0.098464979,13.425999999999998,24,0,0,1,0,0,1,0,0,1,0,0,0,1,0,1,0
43.2796,784.3124,0.117825569,14.795000000000002,13,0,1,0,0,0,1,0,0,1,0,0,0,1,0,0,1
165.6868,3580.13976,0.175545889,17.6,13,1,0,0,0,0,1,0,0,1,0,0,1,0,0,1,0
121.844,2869.86432,0.223633668,14.558000000000002,13,0,0,1,0,0,1,0,0,1,0,0,0,1,0,1,0
262.3278,4717.592479999999,0.182493512,11.096,15,0,1,0,0,0,1,0,0,1,0,0,0,1,0,0,1
168.7158,3005.55436,0.034182922,7.81,13,0,0,1,0,0,1,0,0,1,0,0,1,0,0,1,0
234.8616,2812.3392,0.14781046,20.25,35,0,1,0,0,0,1,1,0,0,0,1,0,0,0,0,1
125.073,1108.557,0.052165855,17.0,35,0,1,0,0,0,1,1,0,0,0,1,0,0,0,0,1
139.9838,1966.7732,0.0,17.75,20,0,0,1,0,1,0,0,0,1,0,1,0,0,0,1,0
237.159,3072.667,0.019012262,17.6,15,0,1,0,0,1,0,0,0,1,0,1,0,0,0,0,1
39.7164,231.6984,0.165694219,12.85,24,1,0,0,0,0,1,0,0,1,1,0,0,0,0,1,0
117.7492,1877.42284,0.038404703,11.278,18,1,0,0,0,0,1,0,0,1,0,0,0,1,0,1,0
109.8912,2074.6328,0.084554569,14.208000000000002,37,1,0,0,0,0,1,0,1,0,0,0,0,1,0,1,0
171.3448,2386.2272,0.035205866,9.5,23,0,0,1,1,0,0,0,1,0,0,1,0,0,0,1,0
240.288,3879.48344,0.130069181,20.75,13,0,0,1,0,0,1,0,0,1,0,0,1,0,0,1,0
174.3054,4377.635,0.031145743,7.285,18,0,1,0,0,0,1,0,0,1,0,1,0,0,0,0,1
46.7744,1222.4088,0.028282832,20.0,15,0,0,1,0,1,0,0,0,1,0,1,0,0,0,1,0
125.6388,2848.2924,0.061165512,5.15,18,0,0,1,0,1,0,0,0,1,0,1,0,0,0,1,0
233.4958,5375.0034,0.077608838,19.5,15,0,0,1,0,1,0,0,0,1,0,1,0,0,1,0,0
122.3098,2692.4952000000003,0.191500528,15.886,15,0,0,1,0,0,1,0,0,1,0,0,0,1,0,1,0
48.9034,48.6034,0.065652494,15.1,37,1,0,0,1,0,0,0,0,1,1,0,0,0,0,1,0
246.6802,7370.406,0.039355947,18.6,23,1,0,0,1,0,0,0,0,1,0,1,0,0,0,1,0
175.8028,1593.9252,0.042836778,20.7,25,1,0,0,1,0,0,0,0,1,0,1,0,0,0,1,0
59.2562,651.8182,0.044991294,7.105,13,0,1,0,0,0,1,0,1,0,0,0,1,0,0,0,1
160.4604,3097.03528,0.162248011,14.520999999999995,13,0,1,0,0,0,1,0,0,1,0,0,1,0,0,0,1
122.3756,3392.9168,0.036344721,20.5,13,1,0,0,0,0,1,0,0,1,0,0,1,0,0,1,0
218.0508,5426.27,0.020441939,15.35,15,1,0,0,0,0,1,0,0,1,0,1,0,0,1,0,0
98.9042,4960.21,0.172309903,13.006,23,1,0,0,0,0,1,0,0,1,0,0,0,1,0,1,0
40.2822,667.7974,0.024832806,14.014999999999995,25,0,0,1,0,0,1,0,0,1,0,0,0,1,1,0,0
157.3972,778.986,0.073490977,18.0,13,1,0,0,0,0,1,0,1,0,0,0,1,0,0,1,0
224.8088,5762.36584,0.197679823,14.013,15,1,0,0,0,0,1,0,0,1,0,0,0,1,0,1,0
76.3696,372.848,0.071282168,20.6,13,0,1,0,0,0,1,0,0,1,0,0,1,0,0,0,1
61.0536,1898.8616,0.071439051,13.3,18,0,0,1,0,1,0,0,0,1,0,1,0,0,0,1,0
41.577,735.709,0.053362086,15.5,18,1,0,0,0,1,0,0,0,1,0,1,0,0,1,0,0
119.6124,2251.7356,0.085622362,13.85,13,0,0,1,0,0,1,0,0,1,0,0,1,0,0,1,0
121.9072,1470.0864,0.141789197,20.35,18,1,0,0,0,1,0,0,0,1,0,1,0,0,0,1,0
47.2744,780.1844400000001,0.058725134,14.818,13,1,0,0,0,0,1,0,0,1,0,0,0,1,0,1,0
96.0094,95.2094,0.037492325,18.1,24,1,0,0,0,0,1,0,0,1,0,1,0,0,0,1,0
212.8218,5770.4886,0.056919038,6.865,23,1,0,0,1,0,0,0,1,0,0,1,0,0,0,1,0
60.9562,948.0992,0.062170334,16.7,20,0,0,1,0,1,0,0,0,1,0,1,0,0,0,1,0
43.6744,407.4696,0.0,9.195,13,1,0,0,0,0,1,0,1,0,0,0,1,0,0,1,0
163.4894,2222.57356,0.049660306,11.017,13,1,0,0,0,0,1,0,0,1,0,0,1,0,0,1,0
197.811,3541.7896800000003,0.042861968,14.609,13,1,0,0,0,0,1,0,0,1,0,0,0,1,0,1,0
147.7418,1618.5598,0.038822077,9.960000000000004,37,1,0,0,0,0,1,0,1,0,0,0,0,1,0,1,0
248.9092,996.0368,0.020474913,7.42,13,1,0,0,0,0,1,0,0,1,0,0,1,0,0,1,0
193.9452,1565.9616,0.121250374,20.85,25,1,0,0,1,0,0,0,0,1,0,1,0,0,0,1,0
170.1764,3435.528,0.105296072,15.6,25,0,0,1,1,0,0,0,0,1,0,1,0,0,0,1,0
197.611,3142.576,0.077628053,19.2,23,0,1,0,1,0,0,0,1,0,0,1,0,0,0,0,1
99.3042,2148.80292,0.065799906,11.912,13,0,1,0,0,0,1,0,0,1,0,0,0,1,0,0,1
147.3734,296.9468,0.082551042,18.2,13,1,0,0,0,0,1,0,0,1,0,0,1,0,0,1,0
104.4332,307.5996,0.041556697,13.006,13,1,0,0,0,0,1,0,0,1,0,0,1,0,0,1,0
95.4436,1418.154,0.061313057,7.63,13,1,0,0,0,0,1,0,0,1,0,0,1,0,1,0,0
233.5984,1853.5872,0.091098018,14.35,20,0,0,1,0,1,0,0,0,1,0,1,0,0,0,1,0
115.1834,345.5502,0.291865402,17.7,24,1,0,0,0,0,1,0,0,1,1,0,0,0,0,1,0
240.9222,3550.0456000000004,0.048445132,13.718,13,1,0,0,0,0,1,0,0,1,0,0,0,1,0,1,0
83.4934,1555.9746,0.041105789,6.98,25,1,0,0,1,0,0,0,0,1,0,1,0,0,0,1,0
101.799,1857.582,0.018126724,19.7,15,0,0,1,0,1,0,0,0,1,0,1,0,0,0,1,0
155.034,306.268,0.058153409,8.953,13,1,0,0,0,0,1,0,0,1,0,0,1,0,1,0,0
58.7588,788.57352,0.19780911,10.524,13,0,1,0,0,0,1,0,0,1,0,0,0,1,0,0,1
127.5362,4655.9394,0.175103435,9.1,15,1,0,0,0,1,0,0,0,1,0,1,0,0,0,1,0
155.2972,311.5944,0.05382735,8.115,24,0,0,1,0,0,1,0,0,1,1,0,0,0,0,1,0
256.333,5608.56604,0.146972598,14.824000000000002,13,1,0,0,0,0,1,0,0,1,0,0,0,1,0,1,0
79.9276,1380.8692,0.078929571,15.231,25,0,0,1,0,0,1,0,0,1,0,0,0,1,0,1,0
242.9512,4310.3892,0.024044279,13.622,15,0,0,1,0,0,1,0,0,1,0,0,0,1,0,1,0
46.8402,597.2226,0.121848436,11.8,20,1,0,0,0,0,1,0,0,1,0,1,0,0,0,1,0
94.3462,925.462,0.031452265,8.195,13,1,0,0,0,0,1,0,1,0,0,0,1,0,0,1,0
57.9272,615.1992,0.038597077,11.6,20,1,0,0,0,1,0,0,0,1,0,1,0,0,0,1,0
79.8644,1120.67456,0.086396038,13.830000000000002,13,0,0,1,0,0,1,0,0,1,0,0,0,1,0,1,0
41.7138,414.1276,0.026465376,11.398,13,0,0,1,0,0,1,0,0,1,0,0,0,1,0,1,0
132.5284,1713.7692,0.012282366,15.15,23,0,0,1,1,0,0,0,1,0,0,1,0,0,0,1,0
152.2366,2418.1856,0.054565932,20.1,20,0,0,1,0,1,0,0,0,1,0,1,0,0,0,1,0
96.2068,3013.4108,0.0,16.5,25,0,0,1,1,0,0,0,0,1,0,1,0,0,0,1,0
122.6756,2665.8632,0.014472516,5.03,18,0,1,0,0,0,1,0,0,1,0,1,0,0,0,0,1
38.119,799.22632,0.072453062,16.68,13,0,0,1,0,0,1,0,0,1,0,0,0,1,0,1,0
180.3344,3747.1224,0.014087057,8.874,25,0,0,1,0,0,1,0,0,1,0,0,0,1,0,1,0
38.2848,484.7024,0.012090074,14.31,37,1,0,0,0,0,1,0,1,0,0,0,0,1,0,1,0
156.7972,2467.18848,0.033929133,10.169,13,1,0,0,0,0,1,0,0,1,0,0,1,0,1,0,0
39.6506,828.78784,0.277579189,15.75,13,1,0,0,0,0,1,0,0,1,0,0,1,0,1,0,0
58.5588,747.16076,0.087559621,12.964,13,1,0,0,0,0,1,0,0,1,0,0,0,1,0,1,0
99.3384,1316.55292,0.046822808,11.912,13,0,1,0,0,0,1,0,0,1,0,0,0,1,0,0,1
149.1418,294.2836,0.044063785,12.297,23,0,0,1,1,0,0,0,0,1,0,1,0,0,0,1,0
89.1514,3364.9532,0.123428594,14.109,25,0,0,1,0,0,1,0,0,1,0,0,0,1,0,1,0
57.0614,970.0706,0.126468543,13.37,20,1,0,0,0,0,1,0,0,1,0,0,0,1,1,0,0
179.1028,3896.2616,0.115857223,8.31,23,0,0,1,1,0,0,0,1,0,0,1,0,0,0,1,0
150.5682,762.341,0.105994654,20.75,24,0,0,1,0,0,1,0,0,1,1,0,0,0,0,1,0
113.4544,1866.63688,0.133385398,9.283,13,0,0,1,0,0,1,0,0,1,0,0,0,1,0,1,0
43.8744,633.8416,0.04605781,8.71,23,0,0,1,1,0,0,0,1,0,0,1,0,0,0,1,0
222.6114,3629.2758,0.115342009,12.41,13,1,0,0,0,0,1,0,0,1,0,0,0,1,0,1,0
260.6962,6602.7386,0.011072173,5.21,15,0,1,0,0,1,0,0,0,1,0,1,0,0,0,0,1
127.5362,2480.105,0.038955892,16.110000000000003,13,1,0,0,0,0,1,0,0,1,0,0,0,1,1,0,0
182.5976,5070.7328,0.01561108,13.306,37,0,1,0,0,0,1,0,1,0,0,0,0,1,0,0,1
193.4162,2803.95012,0.08425957,16.2,13,0,1,0,0,0,1,0,0,1,0,0,1,0,0,0,1
60.2194,1733.7432,0.0,13.45,37,0,0,1,0,0,1,0,1,0,0,0,0,1,0,1,0
97.6384,2857.6136,0.060863167,16.7,18,0,0,1,0,1,0,0,0,1,0,1,0,0,0,1,0
43.5454,538.6322,0.028711412,11.3,13,1,0,0,0,0,1,0,0,1,0,0,0,1,0,1,0
177.4686,5510.8266,0.024701262,13.15,18,0,1,0,0,1,0,0,0,1,0,1,0,0,0,0,1
111.9518,2163.1842,0.0,15.6,23,1,0,0,1,0,0,0,1,0,0,1,0,0,0,1,0
72.9038,1034.6532,0.011448629,10.695,20,0,0,1,0,1,0,0,0,1,0,1,0,0,0,1,0
122.9072,1906.58488,0.10527024,10.175,13,1,0,0,0,0,1,0,0,1,0,0,0,1,0,1,0
59.9878,484.7024,0.046545786,10.1,35,1,0,0,0,0,1,1,0,0,0,1,0,0,1,0,0
81.1302,792.302,0.025899245,13.65,35,0,0,1,0,0,1,1,0,0,0,1,0,0,0,1,0
160.3604,6021.4952,0.157190017,7.184,15,0,1,0,0,0,1,0,0,1,0,0,0,1,0,0,1
181.466,2529.24104,0.083547515,15.310000000000002,13,0,1,0,0,0,1,0,0,1,0,0,1,0,0,0,1
65.0168,584.0397599999999,0.094741514,11.1,13,0,0,1,0,0,1,0,0,1,0,0,0,1,0,1,0
195.082,3787.0704,0.238868509,12.967,13,0,0,1,0,0,1,0,0,1,0,0,0,1,0,1,0
84.6908,755.0172,0.018632082,15.479000000000005,18,1,0,0,0,0,1,0,0,1,0,0,0,1,0,1,0
166.4842,2652.5472,0.011026594,10.5,13,0,0,1,0,0,1,0,1,0,0,0,1,0,0,1,0
185.4608,3462.02684,0.023454399,14.954000000000002,13,0,0,1,0,0,1,0,0,1,0,0,0,1,0,1,0
41.4138,812.276,0.035943717,14.15,25,1,0,0,0,0,1,0,0,1,0,1,0,0,1,0,0
133.2284,2768.3964,0.056816465,18.5,20,0,1,0,0,0,1,0,0,1,0,1,0,0,0,0,1
198.211,3479.4708,0.090410295,18.2,13,1,0,0,0,0,1,0,0,1,0,0,1,0,0,1,0
161.5552,324.9104,0.0,14.65,24,0,1,0,0,0,1,0,0,1,1,0,0,0,0,0,1
164.1552,974.7312,0.058516562,9.991,18,0,0,1,0,0,1,0,0,1,0,0,0,1,0,1,0
247.0092,5478.2024,0.021863506,15.309,37,0,0,1,0,0,1,0,1,0,0,0,0,1,0,1,0
194.282,1804.85064,0.076307719,6.695,13,1,0,0,0,0,1,0,0,1,0,0,1,0,0,1,0
121.7072,2817.6656,0.052166995,17.85,18,1,0,0,0,1,0,0,0,1,0,1,0,0,0,1,0
245.1802,5650.6446,0.058091482,13.8,18,1,0,0,0,1,0,0,0,1,0,1,0,0,1,0,0
147.4076,2808.3444,0.026046138,15.1,20,1,0,0,0,1,0,0,0,1,0,1,0,0,0,1,0
110.1544,1565.9616,0.123159656,15.7,15,0,0,1,0,1,0,0,0,1,0,1,0,0,0,1,0
90.3146,2554.0088,0.028579565,16.5,15,1,0,0,0,1,0,0,0,1,0,1,0,0,0,1,0
76.367,306.268,0.09261307,20.7,35,1,0,0,0,0,1,1,0,0,0,1,0,0,1,0,0
166.9184,660.4736,0.011211251,9.6,24,0,1,0,0,0,1,0,0,1,1,0,0,0,0,0,1
145.7786,2550.6798,0.155837612,12.794999999999998,13,1,0,0,0,0,1,0,0,1,0,0,1,0,0,1,0
173.5422,3304.63172,0.078847814,14.424,15,0,0,1,0,0,1,0,0,1,0,0,0,1,0,1,0
131.831,778.986,0.028907832,13.960000000000004,23,0,1,0,0,0,1,0,1,0,0,0,0,1,0,0,1
58.393,622.523,0.054863459,7.565,13,0,1,0,0,0,1,0,0,1,0,0,1,0,0,0,1
34.89,553.01348,0.06737681,13.75,13,0,1,0,0,0,1,0,0,1,0,0,0,1,0,0,1
45.5718,1039.9796,0.017536671,16.0,35,0,0,1,0,0,1,1,0,0,0,1,0,0,0,1,0
196.6794,3121.2704,0.065041581,10.895,15,1,0,0,0,0,1,0,0,1,0,1,0,0,0,1,0
89.4856,1256.49776,0.044749173,19.85,13,1,0,0,0,0,1,0,0,1,0,0,1,0,0,1,0
52.2008,759.012,0.032283676,10.1,15,1,0,0,0,1,0,0,0,1,0,1,0,0,0,1,0
182.7634,6179.9556,0.108059141,9.195,23,1,0,0,1,0,0,0,0,1,0,1,0,0,0,1,0
259.2646,9275.9256,0.065960909,5.695,13,1,0,0,0,0,1,0,0,1,0,0,1,0,0,1,0
134.2942,2742.69652,0.122992956,15.7,13,1,0,0,0,0,1,0,0,1,0,0,1,0,0,1,0
118.4124,2370.248,0.052149675,18.5,23,1,0,0,0,0,1,0,1,0,0,1,0,0,0,1,0
88.783,2067.309,0.052852621,10.5,15,1,0,0,0,1,0,0,0,1,0,1,0,0,0,1,0
260.4594,5494.8474,0.063993068,14.5,18,0,0,1,0,1,0,0,0,1,0,1,0,0,0,1,0
102.2674,2444.8176,0.025966531,11.8,23,0,0,1,1,0,0,0,1,0,0,1,0,0,0,1,0
87.6198,610.5386,0.044539371,15.479000000000005,13,1,0,0,0,0,1,0,0,1,0,0,0,1,0,1,0
180.0344,892.172,0.061082177,11.256,37,1,0,0,1,0,0,0,0,1,1,0,0,0,0,1,0
128.1678,1017.3424,0.136275173,6.405,18,1,0,0,0,1,0,0,0,1,0,1,0,0,0,1,0
194.1162,3848.324,0.014816356,20.25,18,0,0,1,0,1,0,0,0,1,0,1,0,0,0,1,0
38.319,585.904,0.162147349,12.071000000000002,13,1,0,0,0,0,1,0,0,1,0,0,0,1,0,1,0
169.9448,2897.5616,0.103422709,12.5,18,0,1,0,0,1,0,0,0,1,0,1,0,0,0,0,1
244.4486,6353.0636,0.036042939,6.865,15,0,0,1,0,1,0,0,0,1,0,1,0,0,0,1,0
36.5874,605.07904,0.294472634,11.144,13,0,0,1,0,0,1,0,0,1,0,0,1,0,0,1,0
109.1938,1851.98928,0.154860353,11.773,13,1,0,0,0,0,1,0,0,1,0,0,0,1,0,1,0
99.9042,3273.7386,0.079419755,13.006,23,0,0,1,0,0,1,0,1,0,0,0,0,1,0,1,0
181.3976,3259.7568,0.036879539,13.15,15,1,0,0,0,1,0,0,0,1,0,1,0,0,0,1,0
82.5618,1049.9666,0.008046878,13.388,20,0,0,1,0,0,1,0,0,1,0,0,0,1,0,1,0
258.3988,7452.9652,0.08165147,16.75,13,1,0,0,0,0,1,0,1,0,0,0,1,0,0,1,0
263.7568,7646.0472,0.228993134,10.895,23,1,0,0,0,0,1,0,0,1,0,1,0,0,0,1,0
157.4288,2589.5625200000004,0.050167414,7.285,13,1,0,0,0,0,1,0,0,1,0,0,1,0,0,1,0
195.011,1964.11,0.00879232,14.15,18,0,1,0,0,1,0,0,0,1,0,1,0,0,0,0,1
63.2826,1033.3216,0.110681931,10.223,37,1,0,0,0,0,1,0,1,0,0,0,0,1,0,1,0
169.379,5602.707,0.027617046,9.444,25,0,0,1,0,0,1,0,0,1,0,0,0,1,0,1,0
133.7942,3233.65744,0.021096732,12.397000000000002,15,0,1,0,0,0,1,0,0,1,0,0,0,1,0,0,1
104.4332,2870.9296,0.095102092,7.895,15,0,0,1,0,1,0,0,0,1,0,1,0,0,0,1,0
45.1086,764.47156,0.164018678,18.2,15,0,1,0,0,0,1,0,0,1,0,1,0,0,0,0,1
110.2886,2223.772,0.037699254,18.7,20,1,0,0,0,1,0,0,0,1,0,1,0,0,0,1,0
170.7106,3251.1014,0.060495243,9.444,35,1,0,0,0,0,1,0,1,0,0,0,0,1,0,1,0
158.8946,3225.1352,0.277459381,10.656,13,0,0,1,0,0,1,0,0,1,0,0,0,1,0,1,0
142.2496,4093.3384,0.034699737,11.643,25,0,0,1,0,0,1,0,0,1,0,0,0,1,0,1,0
66.3826,1937.478,0.010647477,6.17,23,1,0,0,1,0,0,0,1,0,0,1,0,0,0,1,0
166.3526,1710.8396799999998,0.032438645,13.353,13,0,1,0,0,0,1,0,0,1,0,0,0,1,0,0,1
257.833,5382.993,0.042736348,18.85,18,1,0,0,0,1,0,0,0,1,0,1,0,0,0,1,0
55.7956,928.1252,0.170348551,19.25,15,1,0,0,0,0,1,0,0,1,0,1,0,0,0,1,0
216.7166,3918.8988,0.048124443,13.35,20,1,0,0,0,1,0,0,0,1,0,1,0,0,0,1,0
121.3098,2530.7058,0.0,6.635,20,0,0,1,0,1,0,0,0,1,0,1,0,0,0,1,0
174.0712,3866.9664,0.060371962,12.022000000000002,37,0,0,1,0,0,1,0,1,0,0,0,0,1,0,1,0
39.8506,75.9012,0.077145553,6.635,15,0,0,1,0,0,1,0,0,1,0,1,0,0,0,1,0
43.4454,584.97188,0.040725405,11.3,13,0,1,0,0,0,1,0,0,1,0,0,0,1,0,0,1
124.8388,2513.1286800000003,0.132275338,11.011,13,1,0,0,0,0,1,0,0,1,0,0,0,1,0,1,0
115.2834,1267.0174,0.058369013,7.235,13,1,0,0,0,0,1,0,1,0,0,0,1,0,0,1,0
98.17,998.7,0.105498192,13.006,15,1,0,0,0,0,1,0,0,1,0,0,0,1,0,1,0
211.956,213.056,0.017116983,13.663,37,0,1,0,1,0,0,0,0,1,1,0,0,0,0,0,1
74.0354,75.2354,0.13121032,12.761,37,1,0,0,1,0,0,0,0,1,1,0,0,0,0,1,0
160.0604,1267.6832,0.031273559,10.395,23,1,0,0,1,0,0,0,1,0,0,1,0,0,0,1,0
198.5426,790.9704,0.127660257,12.902,13,0,0,1,0,0,1,0,0,1,0,0,1,0,0,1,0
95.5094,856.8846,0.119721451,8.695,18,0,1,0,0,1,0,0,0,1,0,1,0,0,0,0,1
172.5106,3777.61604,0.237651344,13.220000000000002,13,1,0,0,0,0,1,0,0,1,0,0,0,1,0,1,0
154.4998,1691.7978,0.061934991,14.5,35,1,0,0,0,0,1,1,0,0,0,1,0,0,1,0,0
172.3106,4277.765,0.09557165,9.444,18,1,0,0,0,0,1,0,0,1,0,0,0,1,1,0,0
198.1426,988.713,0.007309544,11.3,13,1,0,0,0,0,1,0,0,1,0,0,1,0,0,1,0
87.9856,3251.7672,0.02747716,15.479000000000005,37,0,0,1,0,0,1,0,1,0,0,0,0,1,0,1,0
61.4194,743.0328,0.032230526,13.35,23,1,0,0,1,0,0,0,1,0,0,1,0,0,0,1,0
145.2444,1451.444,0.162980276,7.85,25,1,0,0,1,0,0,0,0,1,0,1,0,0,1,0,0
176.437,7763.228,0.065236932,12.022000000000002,18,1,0,0,0,0,1,0,0,1,0,0,0,1,0,1,0
117.815,2330.3,0.029380407,12.04,15,0,1,0,0,0,1,0,0,1,0,0,0,1,0,0,1
118.3808,1940.94016,0.018275994,9.349,13,1,0,0,0,0,1,0,0,1,0,0,1,0,0,1,0
99.8726,1337.32588,0.063850971,9.772,13,0,0,1,0,0,1,0,0,1,0,0,0,1,0,1,0
122.4388,5448.9072,0.042086652,12.081,37,1,0,0,0,0,1,0,1,0,0,0,0,1,1,0,0
230.7352,6103.5217600000005,0.160665697,14.0,13,1,0,0,0,0,1,0,0,1,0,0,0,1,0,1,0
97.5752,1239.85276,0.121940099,13.225,13,0,0,1,0,0,1,0,0,1,0,0,0,1,0,1,0
112.9544,2024.16516,0.031069993,11.759,13,0,0,1,0,0,1,0,0,1,0,0,0,1,0,1,0
98.0068,874.8612,0.03777249,7.075,13,1,0,0,0,0,1,0,0,1,0,0,1,0,0,1,0
112.5228,1989.4104,0.017038777,14.35,25,0,1,0,1,0,0,0,0,1,0,1,0,0,0,0,1
99.9042,1337.32588,0.020494302,9.772,13,0,0,1,0,0,1,0,0,1,0,0,0,1,0,1,0
157.6972,2924.32676,0.302478871,10.881,13,0,0,1,0,0,1,0,0,1,0,0,0,1,0,1,0
233.1616,6093.4016,0.069529262,11.395,35,0,0,1,0,0,1,1,0,0,0,1,0,0,0,1,0
78.2302,554.6114,0.026428924,14.3,13,1,0,0,0,0,1,0,1,0,0,0,1,0,0,1,0
115.5834,1267.0174,0.093861144,7.07,18,1,0,0,0,1,0,0,0,1,0,1,0,0,0,1,0
129.2626,3147.9024,0.01619866,18.85,15,0,1,0,0,1,0,0,0,1,0,1,0,0,0,0,1
174.1422,1881.01816,0.047329385,11.43,13,0,0,1,0,0,1,0,0,1,0,0,0,1,0,1,0
190.0214,1100.3010799999995,0.042102658,14.381,13,0,1,0,0,0,1,0,0,1,0,0,0,1,0,0,1
37.9532,862.8768,0.026643448,13.65,23,0,0,1,1,0,0,0,1,0,0,1,0,0,0,1,0
150.8392,2982.784,0.010755465,8.21,35,1,0,0,0,0,1,1,0,0,0,1,0,0,1,0,0
195.3794,3511.4292,0.071958197,8.575,23,0,0,1,1,0,0,0,1,0,0,1,0,0,0,1,0
198.9426,3559.3668,0.068219025,16.35,20,1,0,0,0,0,1,0,0,1,0,1,0,0,0,1,0
33.0558,984.7182,0.0514111,16.630000000000003,37,1,0,0,0,0,1,0,1,0,0,0,0,1,0,1,0
207.898,5366.348,0.00878535,15.7,15,0,0,1,0,1,0,0,0,1,0,1,0,0,0,1,0
152.3998,153.7998,0.247321039,9.96,37,1,0,0,1,0,0,0,0,1,1,0,0,0,0,1,0
184.2608,367.5216,0.160936178,15.006,37,0,1,0,1,0,0,0,0,1,1,0,0,0,0,0,1
185.424,745.696,0.112985849,17.75,24,0,0,1,0,0,1,0,0,1,1,0,0,0,0,1,0
196.8452,978.726,0.089004389,18.25,20,1,0,0,0,0,1,0,0,1,0,1,0,0,0,1,0
102.4016,3542.056,0.009163216,13.006,15,1,0,0,0,0,1,0,0,1,0,0,0,1,0,1,0
180.866,3235.788,0.077899109,13.076000000000002,18,1,0,0,0,0,1,0,0,1,0,0,0,1,0,1,0
178.237,5469.547,0.155350299,9.648,18,1,0,0,0,0,1,0,0,1,0,0,0,1,0,1,0
49.1692,886.8456,0.072541731,12.35,20,0,0,1,0,0,1,0,0,1,0,1,0,0,0,1,0
50.3692,1034.6532,0.151419185,14.6,15,1,0,0,0,1,0,0,0,1,0,1,0,0,1,0,0
182.2318,3428.2042,0.083736551,20.75,18,0,0,1,0,1,0,0,0,1,0,1,0,0,0,1,0
150.1708,1504.708,0.027779254,15.15,25,1,0,0,1,0,0,0,0,1,0,1,0,0,0,1,0
107.6938,214.3876,0.057556998,12.345,37,1,0,0,1,0,0,0,0,1,1,0,0,0,0,1,0
102.1332,615.1992,0.026409147,15.5,13,0,0,1,0,0,1,0,0,1,0,0,1,0,0,1,0
219.3482,5038.1086,0.036319195,20.25,18,1,0,0,0,1,0,0,0,1,0,1,0,0,1,0,0
145.4786,1589.2646,0.1000135,15.1,23,0,0,1,1,0,0,0,1,0,0,1,0,0,0,1,0
225.372,7696.648,0.278974075,14.379,20,1,0,0,0,1,0,0,0,1,0,1,0,0,1,0,0
110.9912,436.7648,0.058827583,13.028,13,0,1,0,0,0,1,0,0,1,0,0,1,0,0,0,1
145.3102,729.051,0.159587755,13.5,35,0,0,1,0,0,1,1,0,0,0,1,0,0,0,1,0
99.47,1316.55292,0.031623019,11.912,13,0,0,1,0,0,1,0,0,1,0,0,0,1,0,1,0
55.593,282.965,0.077169841,13.65,35,0,1,0,0,0,1,1,0,0,0,1,0,0,0,0,1
175.2054,3502.108,0.082921642,12.6,20,0,1,0,0,1,0,0,0,1,0,1,0,0,0,0,1
222.9114,5764.4964,0.03033748,9.695,23,0,0,1,1,0,0,0,1,0,0,1,0,0,0,1,0
94.941,1737.738,0.087668236,16.25,15,1,0,0,0,1,0,0,0,1,0,1,0,0,0,1,0
165.021,4078.025,0.026001976,13.85,13,0,0,1,0,0,1,0,0,1,0,0,1,0,0,1,0
139.9838,1966.7732,0.172042892,9.395,15,0,0,1,0,1,0,0,0,1,0,1,0,0,0,1,0
126.4704,2524.18096,0.063081713,13.51,13,1,0,0,0,0,1,0,0,1,0,0,0,1,0,1,0
84.1592,1320.9472,0.109459733,15.479,37,0,0,1,0,0,1,0,1,0,0,0,0,1,0,1,0
146.8102,3499.4448,0.045463773,9.960000000000004,18,0,0,1,0,0,1,0,0,1,0,0,0,1,0,1,0
56.2614,773.6596,0.033970195,19.6,20,1,0,0,0,1,0,0,0,1,0,1,0,0,1,0,0
253.1698,1522.0188,0.030815427,12.15,13,1,0,0,0,0,1,0,0,1,0,0,1,0,0,1,0
81.0618,1450.1124,0.008589133,18.0,15,1,0,0,0,1,0,0,0,1,0,1,0,0,0,1,0
107.8622,1589.53092,0.013224491,11.796,13,1,0,0,0,0,1,0,0,1,0,0,0,1,0,1,0
122.0098,2869.86432,0.071660976,14.246,13,1,0,0,0,0,1,0,0,1,0,0,0,1,0,1,0
42.3112,1065.28,0.066693437,7.645,18,0,0,1,0,1,0,0,0,1,0,1,0,0,0,1,0
231.7958,5375.0034,0.014753811,16.179,37,0,0,1,0,0,1,0,1,0,0,0,0,1,0,1,0
37.0874,952.7598,0.05510153,13.5,20,0,1,0,0,1,0,0,0,1,0,1,0,0,0,0,1
157.263,2503.408,0.064030636,7.56,13,1,0,0,0,0,1,0,0,1,0,0,1,0,0,1,0
117.8466,942.7728,0.103195401,16.6,20,1,0,0,0,1,0,0,0,1,0,1,0,0,0,1,0
92.4488,1201.1032,0.034783374,12.619,13,0,0,1,0,0,1,0,0,1,0,0,0,1,0,1,0
50.9666,717.7324,0.026916794,13.75,37,0,1,0,0,0,1,0,1,0,0,0,0,1,0,0,1
231.601,5318.80988,0.061999648,15.41,13,1,0,0,0,0,1,0,0,1,0,0,0,1,0,1,0
50.2034,972.068,0.016630303,13.45,18,0,0,1,0,0,1,0,0,1,0,0,0,1,0,1,0
79.2328,695.0952,0.311090379,15.231,13,0,0,1,0,0,1,0,0,1,0,0,0,1,0,1,0
161.8868,3275.736,0.041764487,5.26,18,0,0,1,0,1,0,0,0,1,0,1,0,0,0,1,0
90.883,89.883,0.0,20.5,24,1,0,0,0,0,1,0,0,1,1,0,0,0,0,1,0
117.5492,1969.4364,0.076855628,7.235,18,0,1,0,0,1,0,0,0,1,0,1,0,0,0,0,1
257.8304,1808.3128,0.02734361,9.6,25,0,0,1,1,0,0,0,0,1,0,1,0,0,0,1,0
208.9954,833.5816,0.046124444,10.894,23,1,0,0,0,0,1,0,0,1,0,0,0,1,0,1,0
105.628,1810.976,0.013420879,16.35,13,0,1,0,0,0,1,0,1,0,0,0,1,0,0,0,1
93.712,466.06,0.026561057,16.85,23,0,0,1,1,0,0,0,1,0,0,1,0,0,0,1,0
154.634,2541.49176,0.040520754,9.188,13,0,1,0,0,0,1,0,0,1,0,0,1,0,0,0,1
128.4678,763.0068,0.167725251,14.6,13,1,0,0,0,0,1,0,0,1,0,0,0,1,0,1,0
54.3982,987.91404,0.092771309,10.302,25,0,0,1,0,0,1,0,0,1,0,0,0,1,0,1,0
50.3034,763.9389199999999,0.017295906,12.55,13,0,1,0,0,0,1,0,0,1,0,0,0,1,0,0,1
159.6604,3327.6684,0.0,6.965,20,0,1,0,0,1,0,0,0,1,0,1,0,0,0,0,1
262.9594,5331.99272,0.120624771,14.326,15,0,1,0,0,0,1,0,0,1,0,0,0,1,0,0,1
113.1544,3355.632,0.08071118,11.059,13,1,0,0,0,0,1,0,1,0,0,0,0,1,0,1,0
130.3994,2093.0088800000003,0.250560049,9.656,13,1,0,0,0,0,1,0,0,1,0,0,1,0,0,1,0
111.857,549.285,0.047152554,8.38,15,0,0,1,0,0,1,0,0,1,0,1,0,0,0,1,0
181.666,3683.73824,0.032632065,15.1,13,1,0,0,0,0,1,0,0,1,0,0,0,1,0,1,0
247.0144,5079.65452,0.040599963,11.897,15,0,1,0,0,0,1,0,0,1,0,0,0,1,0,0,1
87.7882,836.3779599999998,0.165101585,11.61,13,0,0,1,0,0,1,0,0,1,0,0,1,0,0,1,0
78.296,2157.192,0.066315023,10.5,20,0,0,1,0,1,0,0,0,1,0,1,0,0,0,1,0
60.222,1677.816,0.029943463,13.45,37,0,0,1,0,0,1,0,1,0,0,0,0,1,0,1,0
119.244,2157.192,0.187841082,12.5,15,1,0,0,0,0,1,0,0,1,0,1,0,0,0,1,0
178.2028,2479.4392,0.210375806,15.5,15,0,0,1,0,0,1,0,0,1,0,1,0,0,0,1,0
142.2838,3496.38212,0.245483691,11.913,13,0,0,1,0,0,1,0,0,1,0,0,0,1,0,1,0
36.3216,605.07904,0.073077197,11.144,13,0,1,0,0,0,1,0,0,1,0,0,0,1,0,0,1
123.2414,487.3656,0.009714595,12.081,13,1,0,0,0,0,1,0,0,1,0,0,1,0,0,1,0
197.511,2356.932,0.012455787,10.195,18,0,0,1,0,1,0,0,0,1,0,1,0,0,0,1,0
164.5184,2807.0128,0.011953902,9.991,37,0,0,1,0,0,1,0,1,0,0,0,0,1,0,1,0
172.2448,2897.5616,0.058827383,14.5,25,0,0,1,1,0,0,0,0,1,0,1,0,0,0,1,0
210.6612,4844.893440000001,0.071720362,14.358,13,1,0,0,0,0,1,0,0,1,0,0,0,1,0,1,0
197.0794,2193.811,0.133347119,14.268,13,0,0,1,0,0,1,0,0,1,0,0,0,1,0,1,0
96.9094,1596.4552399999998,0.091310237,14.048999999999998,15,0,0,1,0,0,1,0,0,1,0,0,0,1,0,1,0
75.2328,1544.656,0.099747488,12.657,37,1,0,0,0,0,1,0,1,0,0,0,0,1,0,1,0
140.5154,283.6308,0.032754431,8.6,13,0,1,0,0,0,1,0,1,0,0,0,1,0,0,0,1
57.893,622.523,0.089083914,19.7,15,1,0,0,0,0,1,0,0,1,0,1,0,0,0,1,0
146.6734,445.4202,0.025272781,20.75,15,0,1,0,0,1,0,0,0,1,0,1,0,0,0,0,1
169.5474,4211.185,0.026181893,9.444,25,1,0,0,0,0,1,0,0,1,0,0,0,1,0,1,0
188.4898,187.0898,0.04855968,6.61,24,0,0,1,0,0,1,0,0,1,1,0,0,0,0,1,0
166.4526,2758.4094,0.037734782,13.373,13,0,0,1,0,0,1,0,0,1,0,0,0,1,0,1,0
156.9288,1571.288,0.150319469,7.825,20,0,0,1,0,1,0,0,0,1,0,1,0,0,0,1,0
87.4856,1054.6272,0.099252438,16.0,18,0,0,1,0,1,0,0,0,1,0,1,0,0,0,1,0
184.9608,2966.53848,0.176175402,10.793,13,0,1,0,0,0,1,0,0,1,0,0,0,1,0,0,1
186.5924,555.2772,0.1263349,13.425999999999998,18,0,0,1,0,0,1,0,0,1,0,0,0,1,0,1,0
263.591,788.973,0.0,17.25,20,1,0,0,0,1,0,0,0,1,0,1,0,0,1,0,0
101.0016,2125.2336,0.031867464,13.006,37,0,1,0,0,0,1,0,1,0,0,0,0,1,0,0,1
47.2402,780.1844400000001,0.235859408,14.818,13,0,0,1,0,0,1,0,0,1,0,0,0,1,0,1,0
172.1106,2566.659,0.076790922,9.444,37,0,0,1,0,0,1,0,1,0,0,0,0,1,0,1,0
145.8128,2550.6798,0.065806717,12.795000000000002,15,1,0,0,0,0,1,0,0,1,0,0,0,1,1,0,0
246.1802,2702.4822,0.044843161,9.3,13,0,1,0,0,0,1,0,1,0,0,0,1,0,0,0,1
120.2124,474.0496,0.163350221,12.04,37,1,0,0,1,0,0,0,0,1,1,0,0,0,0,1,0
169.6132,169.1132,0.100262068,20.0,24,0,0,1,0,0,1,0,0,1,1,0,0,0,0,1,0
153.4998,1898.99476,0.024961677,17.85,13,1,0,0,0,0,1,0,0,1,0,0,1,0,1,0,0
101.0042,1289.6546,0.027310252,10.3,18,1,0,0,0,1,0,0,0,1,0,1,0,0,0,1,0
42.8796,949.4308,0.105646853,15.1,18,0,0,1,0,1,0,0,0,1,0,1,0,0,0,1,0
102.4016,202.4032,0.214139786,15.207,37,0,0,1,1,0,0,0,0,1,1,0,0,0,0,1,0
264.491,6574.775,0.125528734,13.5,20,0,0,1,0,1,0,0,0,1,0,1,0,0,0,1,0
112.0228,1657.842,0.076995176,8.84,13,0,0,1,0,0,1,0,0,1,0,0,1,0,0,1,0
186.7556,2816.334,0.007450258,12.6,35,0,1,0,0,0,1,1,0,0,0,1,0,0,0,0,1
41.548,519.324,0.037971697,15.2,20,0,1,0,0,0,1,0,0,1,0,0,0,1,0,0,1
226.3036,4098.6648,0.079844043,5.035,35,0,0,1,0,0,1,1,0,0,0,1,0,0,0,1,0
257.3304,3874.956,0.067350054,15.1,13,0,0,1,0,0,1,0,1,0,0,0,1,0,0,1,0
153.2998,461.3994,0.006289291,9.43,37,1,0,0,1,0,0,0,0,1,1,0,0,0,1,0,0
189.4872,189.0872,0.164966345,11.508,37,1,0,0,1,0,0,0,0,1,1,0,0,0,1,0,0
178.1028,3393.0499599999994,0.039751236,11.983,13,1,0,0,0,0,1,0,0,1,0,0,0,1,1,0,0
119.6124,2488.7604,0.033160417,12.04,23,0,1,0,0,0,1,0,1,0,0,0,0,1,0,0,1
120.7782,2171.3069600000003,0.074620291,10.292999999999996,13,0,0,1,0,0,1,0,0,1,0,0,0,1,0,1,0
87.9172,3836.3396,0.141106202,15.479000000000005,37,1,0,0,0,0,1,0,1,0,0,0,0,1,0,1,0
107.4622,2132.15792,0.099681705,12.629,13,1,0,0,0,0,1,0,0,1,0,0,0,1,0,1,0
45.4086,734.11108,0.057527544,10.452,13,1,0,0,0,0,1,0,0,1,0,0,0,1,0,1,0
190.153,3036.048,0.040197932,8.6,18,0,0,1,0,1,0,0,0,1,0,1,0,0,0,1,0
119.8466,2452.00824,0.069236421,12.62,13,1,0,0,0,0,1,0,0,1,0,0,0,1,0,1,0
97.0094,1808.9786,0.077367431,13.006,37,1,0,0,0,0,1,0,1,0,0,0,0,1,0,1,0
93.1146,638.5022,0.077630199,14.109,13,1,0,0,0,0,1,0,0,1,0,0,0,1,1,0,0
41.748,414.1276,0.209600084,11.398,13,0,0,1,0,0,1,0,0,1,0,0,0,1,0,1,0
36.9874,705.748,0.045266806,9.8,25,0,0,1,1,0,0,0,0,1,0,1,0,0,0,1,0
104.499,1238.388,0.058121214,8.485,18,0,1,0,0,1,0,0,0,1,0,1,0,0,0,0,1
144.476,146.476,0.048932713,11.643,37,1,0,0,1,0,0,0,0,1,1,0,0,0,0,1,0
86.0224,3579.3408,0.053027398,8.975,15,0,0,1,0,0,1,0,0,1,0,1,0,0,0,1,0
58.3588,343.5528,0.021343732,13.65,20,0,0,1,0,0,1,0,0,1,0,1,0,0,0,1,0
171.9448,3749.7856,0.142410775,7.6,25,0,0,1,1,0,0,0,0,1,0,1,0,0,0,1,0
188.324,1491.392,0.065729039,6.035,35,0,0,1,0,0,1,1,0,0,0,1,0,0,0,1,0
208.5638,5383.6588,0.0,17.1,23,0,0,1,1,0,0,0,1,0,0,1,0,0,0,1,0
180.5976,7968.2944,0.033946163,13.306,35,1,0,0,0,0,1,0,1,0,0,0,0,1,0,1,0
158.463,3086.78196,0.088344041,11.411,15,0,0,1,0,0,1,0,0,1,0,0,0,1,0,1,0
88.6856,1757.712,0.038029746,13.15,20,0,0,1,0,1,0,0,0,1,0,1,0,0,0,1,0
48.2034,874.8612,0.072410764,14.7,23,1,0,0,1,0,0,0,0,1,0,1,0,0,0,1,0
255.8356,2543.356,0.026015519,10.726,37,1,0,0,0,0,1,0,1,0,0,0,0,1,0,1,0
253.704,5060.08,0.065026434,12.15,15,0,1,0,0,1,0,0,0,1,0,1,0,0,0,0,1
46.6086,920.00244,0.152813518,14.685000000000002,13,0,0,1,0,0,1,0,0,1,0,0,0,1,1,0,0
255.6672,4346.3424,0.020994339,10.895,20,0,1,0,0,1,0,0,0,1,0,1,0,0,0,0,1
89.383,539.298,0.063207198,17.35,15,0,0,1,0,0,1,0,0,1,0,1,0,0,0,1,0
127.3678,1780.3492,0.0,20.0,25,0,0,1,1,0,0,0,0,1,0,1,0,0,0,1,0
86.4198,87.2198,0.220225608,13.909,20,1,0,0,0,1,0,0,0,1,0,1,0,0,0,1,0
180.366,2336.958,0.03050705,17.75,25,0,1,0,1,0,0,0,0,1,0,1,0,0,0,0,1
160.692,1597.92,0.082316506,17.6,18,0,1,0,0,1,0,0,0,1,0,1,0,0,0,0,1
158.363,3086.78196,0.20473381,11.531000000000002,15,0,1,0,0,0,1,0,0,1,0,0,0,1,0,0,1
34.919,476.047,0.038925251,9.0,25,1,0,0,1,0,0,0,0,1,0,1,0,0,1,0,0
62.8194,928.791,0.020961192,19.85,13,0,0,1,0,0,1,0,1,0,0,0,1,0,0,1,0
123.0756,1925.36044,0.015664229,10.175,13,1,0,0,0,0,1,0,0,1,0,0,0,1,0,1,0
167.2816,5704.5744,0.050111641,9.453,15,1,0,0,0,0,1,0,0,1,0,0,0,1,0,1,0
98.6068,1581.67448,0.21561193,13.5,13,0,0,1,0,0,1,0,0,1,0,0,1,0,0,1,0
187.8556,938.778,0.074931201,8.75,13,0,0,1,0,0,1,0,0,1,0,0,1,0,0,1,0
211.0244,3811.0392,0.017719277,19.0,24,0,1,0,0,0,1,0,0,1,0,1,0,0,0,0,1
244.6144,2695.1584,0.047697859,9.695,15,0,0,1,0,1,0,0,0,1,0,1,0,0,0,1,0
187.7556,3755.112,0.029366813,5.94,18,0,0,1,0,1,0,0,0,1,0,1,0,0,0,1,0
186.424,3914.904,0.066892471,6.78,13,1,0,0,0,0,1,0,1,0,0,0,1,0,0,1,0
77.9012,1059.02148,0.094817105,12.84,15,1,0,0,0,0,1,0,0,1,0,0,0,1,1,0,0
87.9198,872.198,0.027761289,6.28,18,1,0,0,0,1,0,0,0,1,0,1,0,0,1,0,0
48.0718,992.7078,0.097313129,19.0,25,0,0,1,1,0,0,0,0,1,0,1,0,0,0,1,0
128.102,1664.7663200000002,0.071534226,12.5,13,1,0,0,0,0,1,0,0,1,0,0,1,0,0,1,0
49.6376,393.08832,0.084404264,13.082,13,0,0,1,0,0,1,0,0,1,0,0,1,0,0,1,0
120.8756,3150.5656,0.019502354,21.25,13,1,0,0,0,0,1,0,1,0,0,0,1,0,0,1,0
174.2422,517.3266,0.047036036,12.022000000000002,13,0,0,1,0,0,1,0,0,1,0,0,0,1,0,1,0
248.4092,2241.0828,0.022639471,20.25,15,0,0,1,0,1,0,0,0,1,0,1,0,0,0,1,0
99.7726,1337.32588,0.060359181,11.912,13,0,1,0,0,0,1,0,0,1,0,0,1,0,0,0,1
121.5098,2892.2352,0.016597651,19.35,35,1,0,0,0,0,1,1,0,0,0,1,0,0,0,1,0
160.692,319.584,0.0273467,9.528,25,0,0,1,1,0,0,0,0,1,0,1,0,0,0,1,0
142.0154,2410.8618,0.013551445,10.5,13,0,0,1,0,0,1,0,1,0,0,0,1,0,0,1,0
110.3912,1773.82436,0.041974489,13.288999999999998,13,1,0,0,0,0,1,0,0,1,0,0,0,1,0,1,0
115.1834,1958.1178,0.037014587,12.3,20,1,0,0,0,1,0,0,0,1,0,1,0,0,0,1,0
161.421,3425.541,0.015908485,7.945,20,1,0,0,0,1,0,0,0,1,0,1,0,0,0,1,0
130.9652,2164.38264,0.155706798,9.010000000000002,13,0,1,0,0,0,1,0,0,1,0,0,0,1,0,0,1
117.9466,2356.932,0.054362695,12.04,15,1,0,0,0,0,1,0,0,1,0,0,0,1,0,1,0
132.5626,3410.2276,0.048486801,5.465,13,0,0,1,0,0,1,0,1,0,0,0,1,0,0,1,0
156.6314,2398.74424,0.058545606,10.169,13,0,0,1,0,0,1,0,0,1,0,0,0,1,0,1,0
151.6708,2977.32444,0.15266209,10.863,15,1,0,0,0,0,1,0,0,1,0,0,0,1,0,1,0
185.0582,5201.2296,0.021617397,7.42,18,0,0,1,0,1,0,0,0,1,0,1,0,0,0,1,0
141.1838,2247.7408,0.0467696,17.1,35,0,0,1,0,0,1,1,0,0,0,1,0,0,0,1,0
225.3088,5000.95696,0.097275777,14.013,15,0,0,1,0,0,1,0,0,1,0,0,0,1,0,1,0
165.4526,5262.4832,0.060198496,9.453,20,1,0,0,0,0,1,0,0,1,0,0,0,1,0,1,0
187.9556,4693.89,0.045230944,16.75,13,1,0,0,0,0,1,0,0,1,0,0,1,0,0,1,0
147.876,1559.7030799999998,0.044607722,13.23,15,0,1,0,0,0,1,0,0,1,0,0,0,1,0,0,1
205.7296,4570.0512,0.0,7.405,15,1,0,0,0,1,0,0,0,1,0,1,0,0,0,1,0
121.4098,241.0196,0.043828293,6.59,24,0,1,0,0,0,1,0,0,1,1,0,0,0,0,0,1
55.2956,1255.6988,0.06670068,7.71,23,0,0,1,1,0,0,0,1,0,0,1,0,0,0,1,0
250.4408,6258.52,0.016758569,7.905,13,1,0,0,0,0,1,0,0,1,0,0,1,0,0,1,0
45.7428,773.79276,0.04217956,10.782,13,1,0,0,0,0,1,0,0,1,0,0,0,1,0,1,0
99.2068,97.2068,0.079113947,17.25,24,0,0,1,0,0,1,0,0,1,1,0,0,0,0,1,0
171.179,4923.591,0.005530516,11.35,25,0,0,1,1,0,0,0,0,1,0,1,0,0,0,1,0
77.2986,623.1888,0.073135768,17.25,13,1,0,0,0,0,1,0,1,0,0,0,1,0,0,1,0
253.0356,11445.102,0.0,10.726,37,1,0,0,0,0,1,0,1,0,0,0,0,1,0,1,0
237.6932,3083.45296,0.104338095,9.395,13,1,0,0,0,0,1,0,0,1,0,0,1,0,0,1,0
171.8764,3779.0808,0.165694678,13.15,18,0,0,1,0,1,0,0,0,1,0,1,0,0,0,1,0
60.5904,746.49496,0.093315935,13.722,15,1,0,0,0,0,1,0,0,1,0,0,0,1,0,1,0
50.2324,1298.31,0.014522363,13.45,37,1,0,0,0,0,1,0,1,0,0,0,0,1,1,0,0
259.7962,5697.9164,0.066406853,10.726,37,0,0,1,0,0,1,0,1,0,0,0,0,1,0,1,0
126.3704,2444.68444,0.299544153,13.54,13,1,0,0,0,0,1,0,0,1,0,0,0,1,0,1,0
256.6672,5113.344,0.089272253,18.7,13,1,0,0,0,0,1,0,0,1,0,0,1,0,0,1,0
242.417,486.034,0.062294473,15.919,37,1,0,0,1,0,0,0,0,1,1,0,0,0,0,1,0
168.1474,5390.3168,0.025789175,16.25,18,1,0,0,0,0,1,0,0,1,0,1,0,0,0,1,0
97.0094,1596.4552399999998,0.20192757,14.048999999999998,13,1,0,0,0,0,1,0,0,1,0,0,0,1,0,1,0
184.2292,4013.4424,0.067055339,9.3,13,1,0,0,0,0,1,0,0,1,0,0,1,0,0,1,0
92.6436,1039.9796,0.029691762,6.445,25,1,0,0,1,0,0,0,0,1,0,1,0,0,0,1,0
264.791,4733.838,0.0,8.945,15,0,0,1,0,1,0,0,0,1,0,1,0,0,0,1,0
176.237,1764.37,0.072545601,8.895,20,1,0,0,0,1,0,0,0,1,0,1,0,0,0,1,0
176.1396,3663.2316,0.106238768,12.3,35,0,0,1,0,0,1,1,0,0,0,1,0,0,0,1,0
201.0742,2189.8162,0.043333912,11.35,13,0,0,1,0,0,1,0,1,0,0,0,1,0,0,1,0
83.1566,1606.5754,0.057654132,18.7,20,1,0,0,0,1,0,0,0,1,0,1,0,0,0,1,0
119.6782,2145.2076,0.082741482,12.04,25,0,0,1,1,0,0,0,0,1,0,1,0,0,0,1,0
196.8794,780.3176,0.255394896,12.901999999999996,37,0,0,1,1,0,0,0,0,1,1,0,0,0,0,1,0
181.9292,3101.2964,0.101561568,12.806,13,1,0,0,0,0,1,0,1,0,0,0,0,1,0,1,0
177.837,6351.732,0.08139146,9.648,15,1,0,0,0,0,1,0,0,1,0,0,0,1,0,1,0
123.5388,1981.4208,0.100583009,20.7,13,0,0,1,0,0,1,0,1,0,0,0,1,0,0,1,0
263.7226,6872.3876,0.059557164,10.726,37,0,1,0,0,0,1,0,1,0,0,0,0,1,0,0,1
142.3154,3829.0158,0.041177505,11.6,15,1,0,0,0,0,1,0,0,1,0,1,0,0,1,0,0
264.2252,5282.32404,0.064871045,5.785,13,0,0,1,0,0,1,0,0,1,0,0,1,0,0,1,0
234.03,699.09,0.080131363,13.3,13,1,0,0,0,0,1,0,0,1,0,0,1,0,0,1,0
40.2454,587.2356,0.121485195,6.715,35,0,0,1,0,0,1,1,0,0,0,1,0,0,0,1,0
46.506,372.848,0.013898123,9.8,13,1,0,0,0,0,1,0,1,0,0,0,1,0,1,0,0
83.1276,1868.2348,0.150341867,15.479,37,0,0,1,0,0,1,0,1,0,0,0,0,1,0,1,0
84.4224,170.4448,0.255348289,7.68,24,0,1,0,0,0,1,0,0,1,1,0,0,0,0,0,1
194.511,4910.275,0.173481304,15.1,25,1,0,0,1,0,0,0,0,1,0,1,0,0,0,1,0
43.3454,419.454,0.056245075,14.102,35,1,0,0,0,0,1,0,1,0,0,0,0,1,0,1,0
48.6034,680.4476,0.061470858,15.12,15,0,1,0,0,1,0,0,0,1,0,1,0,0,0,0,1
166.0526,657.8104,0.019314961,12.1,15,1,0,0,0,0,1,0,0,1,0,1,0,0,1,0,0
93.1804,275.6412,0.131665479,6.92,15,0,0,1,0,1,0,0,0,1,0,1,0,0,0,1,0
120.5124,2133.2232,0.164196823,12.35,18,0,1,0,0,1,0,0,0,1,0,1,0,0,0,0,1
62.051,126.502,0.110356797,20.2,13,0,1,0,0,0,1,0,0,1,0,0,1,0,0,0,1
155.034,2147.60448,0.015388393,9.188,13,1,0,0,0,0,1,0,0,1,0,0,0,1,0,1,0
222.1772,5559.43,0.018801549,20.25,18,0,0,1,0,1,0,0,0,1,0,1,0,0,0,1,0
260.5594,9158.079,0.089394766,10.726,35,1,0,0,0,0,1,0,1,0,0,0,0,1,0,1,0
164.021,3914.904,0.129503146,7.605,20,1,0,0,0,1,0,0,0,1,0,1,0,0,0,1,0
195.2768,5715.2272,0.055390121,7.575,25,1,0,0,1,0,0,0,0,1,0,1,0,0,0,1,0
126.202,3668.558,0.044248175,12.861,37,1,0,0,0,0,1,0,1,0,0,0,0,1,0,1,0
183.6634,3221.1404,0.107186944,11.571000000000002,13,0,0,1,0,0,1,0,0,1,0,0,0,1,0,1,0
158.1946,6942.9624,0.043443753,9.732,37,0,0,1,0,0,1,0,1,0,0,0,0,1,0,1,0
196.8768,2561.9984,0.053980686,19.85,35,1,0,0,0,0,1,1,0,0,0,1,0,0,0,1,0
155.134,2392.08624,0.011868237,9.188,13,0,1,0,0,0,1,0,0,1,0,0,0,1,0,0,1
122.873,2832.979,0.035204319,15.35,23,0,1,0,1,0,0,0,1,0,0,1,0,0,0,0,1
127.402,759.012,0.034742632,16.35,20,0,1,0,0,1,0,0,0,1,0,1,0,0,0,0,1
82.8592,165.1184,0.043168763,12.797,37,1,0,0,1,0,0,0,0,1,1,0,0,0,1,0,0
140.3838,2528.7084,0.044871033,15.0,35,0,1,0,0,0,1,1,0,0,0,1,0,0,0,0,1
165.7526,657.8104,0.09415375,10.802,37,0,0,1,1,0,0,0,0,1,1,0,0,0,0,1,0
160.2894,3235.788,0.012272797,18.25,18,1,0,0,0,1,0,0,0,1,0,1,0,0,0,1,0
242.8512,5816.4288,0.052339069,15.919,25,1,0,0,0,0,1,0,0,1,0,0,0,1,0,1,0
46.2086,490.6946,0.076975118,16.0,23,1,0,0,1,0,0,0,1,0,0,1,0,0,0,1,0
195.0478,1549.9824,0.049583899,21.0,15,1,0,0,0,0,1,0,0,1,0,1,0,0,0,1,0
230.9984,9267.936,0.056960814,15.919,23,0,0,1,0,0,1,0,1,0,0,0,0,1,0,1,0
144.847,143.147,0.0,11.643,37,1,0,0,1,0,0,0,0,1,1,0,0,0,0,1,0
113.7544,1468.35532,0.100055625,8.472999999999999,13,1,0,0,0,0,1,0,0,1,0,0,0,1,0,1,0
229.4352,4809.7392,0.015965308,17.0,25,0,0,1,1,0,0,0,0,1,0,1,0,0,0,1,0
260.3252,8132.0812,0.06961884,12.8,25,1,0,0,1,0,0,0,0,1,0,1,0,0,0,1,0
56.3614,718.3982,0.069196376,9.0,23,0,0,1,1,0,0,0,0,1,0,1,0,0,0,1,0
122.9046,1992.0736,0.038078899,15.7,15,0,0,1,0,1,0,0,0,1,0,1,0,0,0,1,0
172.3422,5345.7082,0.033230816,12.85,18,1,0,0,0,1,0,0,0,1,0,1,0,0,0,1,0
110.0912,1637.868,0.028365524,6.13,23,0,1,0,1,0,0,0,1,0,0,1,0,0,0,0,1
221.5798,3850.3214,0.153585858,14.249,13,1,0,0,0,0,1,0,0,1,0,0,0,1,0,1,0
176.737,4940.236,0.016726506,13.6,23,0,1,0,0,0,1,0,0,1,0,1,0,0,0,0,1
99.4016,2428.8384,0.047187038,9.8,18,1,0,0,0,1,0,0,0,1,0,1,0,0,0,1,0
228.272,5206.556,0.173154079,19.0,15,0,0,1,0,0,1,0,0,1,0,1,0,0,0,1,0
160.6578,3690.5294,0.156269303,17.2,18,1,0,0,0,0,1,0,0,1,0,1,0,0,0,1,0
120.9756,3877.6192,0.083133128,12.831,23,1,0,0,0,0,1,0,1,0,0,0,0,1,0,1,0
186.6924,7033.5112,0.223985293,13.425999999999998,13,0,0,1,0,0,1,0,0,1,0,0,0,1,1,0,0
172.8396,7152.0236,0.205294827,12.022,15,1,0,0,0,0,1,0,0,1,0,0,0,1,1,0,0
121.844,3115.944,0.128478462,11.088,18,0,1,0,0,0,1,0,0,1,0,0,0,1,0,0,1
119.7466,4006.7844,0.122208091,20.7,15,0,0,1,0,1,0,0,0,1,0,1,0,0,0,1,0
124.373,1979.82288,0.123264522,14.3,13,1,0,0,0,0,1,0,0,1,0,0,1,0,0,1,0
42.7112,639.168,0.020603511,15.85,15,0,1,0,0,1,0,0,0,1,0,1,0,0,0,0,1
126.5046,3783.4750799999993,0.063451474,14.15,15,1,0,0,0,0,1,0,0,1,0,1,0,0,0,1,0
114.586,2942.836,0.067141355,17.1,18,0,1,0,0,1,0,0,0,1,0,1,0,0,0,0,1
191.7846,573.2538,0.193772568,13.619,15,1,0,0,0,1,0,0,0,1,0,1,0,0,0,1,0
176.937,176.437,0.064625342,11.822,37,0,0,1,1,0,0,0,0,1,1,0,0,0,0,1,0
185.4266,3462.02684,0.297312685,14.954000000000002,13,1,0,0,0,0,1,0,0,1,0,0,0,1,0,1,0
149.7734,3266.4148,0.055103174,9.96,18,0,0,1,0,0,1,0,0,1,0,0,0,1,0,1,0
162.7236,2474.7786,0.192540665,9.856,13,1,0,0,0,0,1,0,0,1,0,0,0,1,1,0,0
159.692,958.752,0.051778173,7.184,20,1,0,0,0,1,0,0,0,1,0,1,0,0,0,1,0
218.2166,3701.1822,0.035414528,12.173,37,1,0,0,0,0,1,0,1,0,0,0,0,1,0,1,0
98.1726,489.363,0.034404732,14.3,18,0,0,1,0,1,0,0,0,1,0,1,0,0,0,1,0
142.9154,2365.72056,0.036490369,11.332,15,1,0,0,0,0,1,0,0,1,0,0,0,1,0,1,0
154.5656,6024.1584,0.060376776,9.43,35,0,0,1,0,0,1,0,1,0,0,0,0,1,0,1,0
264.5226,5584.19776,0.122631339,13.116,13,1,0,0,0,0,1,0,0,1,0,0,1,0,0,1,0
115.2176,965.01052,0.150961966,14.274,13,0,1,0,0,0,1,0,0,1,0,0,0,1,0,0,1
199.3426,3489.19148,0.059110912,13.103000000000003,15,0,0,1,0,0,1,0,0,1,0,0,0,1,0,1,0
152.2708,2373.04436,0.15679782,10.283,13,0,0,1,0,0,1,0,0,1,0,0,0,1,0,1,0
148.4708,3761.77,0.172629683,9.96,37,0,0,1,0,0,1,0,1,0,0,0,0,1,0,1,0
147.176,585.904,0.114127418,11.603,37,1,0,0,1,0,0,0,0,1,1,0,0,0,0,1,0
264.691,5958.77684,0.021972988,10.302,13,1,0,0,0,0,1,0,0,1,0,0,0,1,0,1,0
174.0422,2586.633,0.034452949,7.97,25,1,0,0,1,0,0,0,0,1,0,1,0,0,1,0,0
106.3938,857.5504,0.069446588,12.3,18,1,0,0,0,1,0,0,0,1,0,1,0,0,1,0,0
217.6192,1725.7536,0.013120028,7.475,25,0,1,0,1,0,0,0,0,1,0,1,0,0,0,0,1
185.3608,2940.1728,0.010917052,9.5,25,0,0,1,0,0,1,0,0,1,0,1,0,0,0,1,0
81.596,639.168,0.029893094,13.5,15,0,0,1,0,0,1,0,0,1,0,1,0,0,0,1,0
211.0612,7317.142,0.168455549,13.663,15,1,0,0,0,0,1,0,0,1,0,0,0,1,0,1,0
105.5938,2143.876,0.091221855,12.8,20,0,1,0,0,1,0,0,0,1,0,1,0,0,0,0,1
84.625,920.1356,0.02528802,12.131,13,1,0,0,0,0,1,0,0,1,0,0,0,1,0,1,0
74.238,1171.808,0.009364957,13.861,37,1,0,0,0,0,1,0,1,0,0,0,0,1,0,1,0
41.5138,690.4346,0.048339408,10.8,13,0,0,1,0,0,1,0,0,1,0,0,1,0,0,1,0
98.241,868.869,0.076060037,12.896,25,1,0,0,0,0,1,0,0,1,0,0,0,1,0,1,0
107.7596,323.5788,0.013584408,12.345,35,0,0,1,0,0,1,0,1,0,0,0,0,1,0,1,0
165.6526,5262.4832,0.006012413,9.453,15,0,1,0,0,0,1,0,0,1,0,0,0,1,0,0,1
54.864,905.488,0.136328794,14.0,13,0,0,1,0,0,1,0,0,1,0,0,1,0,0,1,0
194.3478,387.4956,0.151420934,9.8,24,0,1,0,0,0,1,0,0,1,0,1,0,0,0,0,1
143.9128,2588.6304,0.160624116,16.5,13,0,0,1,0,0,1,0,0,1,0,0,1,0,0,1,0
175.4738,7298.4996,0.033088472,12.022,18,1,0,0,0,0,1,0,0,1,0,0,0,1,0,1,0
151.0392,1357.16672,0.043574485,12.928999999999998,13,0,1,0,0,0,1,0,0,1,0,0,0,1,0,0,1
173.5738,2954.1546,0.00704098,21.2,25,0,0,1,1,0,0,0,0,1,0,1,0,0,0,1,0
106.6938,1393.5194,0.015335349,18.35,20,1,0,0,0,1,0,0,0,1,0,1,0,0,1,0,0
81.896,878.856,0.08075758,14.35,20,1,0,0,0,1,0,0,0,1,0,1,0,0,0,1,0
65.7168,707.0796,0.162418495,10.032,13,0,0,1,0,0,1,0,0,1,0,0,0,1,0,1,0
94.9436,1323.6104,0.114294512,20.7,23,0,0,1,1,0,0,0,0,1,0,1,0,0,0,1,0
145.4444,3338.3212,0.07566089,6.575,18,0,0,1,0,1,0,0,0,1,0,1,0,0,0,1,0
37.4506,37.9506,0.192650072,15.2,25,0,0,1,1,0,0,0,0,1,0,1,0,0,0,1,0
89.0198,1744.396,0.113669629,14.659,25,1,0,0,1,0,0,0,0,1,0,1,0,0,0,1,0
174.408,7443.644,0.014944614,12.022000000000002,15,1,0,0,0,0,1,0,0,1,0,0,0,1,0,1,0
85.6908,3691.1952,0.105761491,15.479000000000005,18,1,0,0,0,0,1,0,0,1,0,0,0,1,0,1,0
161.5578,2406.867,0.063017847,12.65,20,1,0,0,0,0,1,0,0,1,0,1,0,0,1,0,0
114.7176,1374.2112,0.075595405,5.75,15,0,0,1,0,0,1,0,0,1,0,1,0,0,0,1,0
174.0422,1881.01816,0.310376916,13.731,13,0,1,0,0,0,1,0,0,1,0,0,0,1,0,0,1
196.211,5499.508,0.11679292,13.642,37,0,0,1,0,0,1,0,1,0,0,0,0,1,0,1,0
94.1462,277.6386,0.124261614,13.832999999999998,13,0,1,0,0,0,1,0,0,1,0,0,0,1,0,0,1
147.2076,1921.4988,0.086266286,9.96,23,1,0,0,0,0,1,0,1,0,0,0,0,1,0,1,0
190.6872,2269.0464,0.13283066,12.15,15,0,0,1,0,1,0,0,0,1,0,1,0,0,0,1,0
241.288,3664.5632,0.031490111,15.648,13,0,1,0,0,0,1,0,0,1,0,0,0,1,0,0,1
93.7804,1408.69964,0.041708827,12.737000000000002,15,0,0,1,0,0,1,0,0,1,0,0,0,1,0,1,0
264.791,6069.8322800000005,0.055566935,11.145,13,0,1,0,0,0,1,0,0,1,0,0,0,1,0,0,1
147.7102,437.4306,0.032427039,12.653000000000002,35,0,0,1,0,0,1,0,0,1,0,1,0,0,0,1,0
130.0994,2017.90664,0.246678647,9.656,13,1,0,0,0,0,1,0,0,1,0,0,1,0,0,1,0
212.1586,5909.6408,0.038641968,19.1,20,1,0,0,0,1,0,0,0,1,0,1,0,0,0,1,0
193.8452,1957.452,0.099962524,7.235,25,1,0,0,1,0,0,0,0,1,0,1,0,0,0,1,0
35.7558,484.96872,0.145200948,11.434,13,0,0,1,0,0,1,0,0,1,0,0,0,1,0,1,0
119.3466,2182.4924,0.147904328,12.602,13,0,0,1,0,0,1,0,0,1,0,0,0,1,0,1,0
87.3882,875.79332,0.079440262,11.61,13,1,0,0,0,0,1,0,0,1,0,0,0,1,1,0,0
87.7198,1430.8042,0.038427677,8.3,13,0,0,1,0,0,1,0,0,1,0,0,1,0,0,1,0
156.8972,2318.3156000000004,0.145253944,10.169,15,0,0,1,0,0,1,0,0,1,0,0,0,1,0,1,0
140.2154,1701.7848,0.054344186,18.25,20,1,0,0,0,1,0,0,0,1,0,1,0,0,0,1,0
264.0884,5829.7448,0.005234153,19.85,18,1,0,0,0,1,0,0,0,1,0,1,0,0,0,1,0
42.8112,639.168,0.006759519,12.5,35,0,1,0,0,0,1,1,0,0,0,1,0,0,0,0,1
165.021,2069.1732400000005,0.074370772,11.093,13,0,0,1,0,0,1,0,0,1,0,0,0,1,0,1,0
166.1526,2960.1468,0.039577173,19.6,25,1,0,0,0,0,1,0,0,1,0,1,0,0,0,1,0
157.663,3285.723,0.039215075,9.732,35,0,0,1,0,0,1,0,1,0,0,0,0,1,0,1,0
91.683,757.9467200000001,0.133198355,15.499,13,1,0,0,0,0,1,0,0,1,0,0,0,1,0,1,0
162.0578,3530.0716,0.137972993,9.528,13,1,0,0,0,0,1,0,0,1,0,0,0,1,1,0,0
156.4656,2180.89448,0.020693619,9.792000000000002,15,1,0,0,0,0,1,0,0,1,0,0,0,1,1,0,0
46.4086,884.44872,0.071538243,13.597,13,0,1,0,0,0,1,0,0,1,0,0,0,1,0,0,1
186.6214,1884.214,0.024576875,9.6,13,0,1,0,0,0,1,0,1,0,0,0,1,0,0,0,1
176.2712,2988.1104,0.167383061,17.35,18,0,1,0,0,0,1,0,0,1,0,1,0,0,0,0,1
38.0506,796.9626,0.125793938,14.065,18,1,0,0,0,1,0,0,0,1,0,1,0,0,1,0,0
45.906,419.454,0.120520818,6.36,18,1,0,0,0,1,0,0,0,1,0,1,0,0,0,1,0
88.254,2683.174,0.011143599,10.3,23,0,0,1,0,0,1,0,1,0,0,1,0,0,0,1,0
186.3924,5367.6796,0.113559058,11.8,20,1,0,0,0,0,1,0,0,1,0,1,0,0,1,0,0
98.77,2696.49,0.182514881,13.006,37,1,0,0,0,0,1,0,1,0,0,0,0,1,0,1,0
182.995,6042.135,0.044202545,13.306,13,0,0,1,0,0,1,0,1,0,0,0,0,1,0,1,0
66.0826,258.3304,0.139419417,9.621,24,1,0,0,0,0,1,0,0,1,0,0,0,1,0,1,0
118.244,958.752,0.12152072,7.72,25,1,0,0,1,0,0,0,0,1,0,1,0,0,0,1,0
164.1526,3124.5994,0.050186726,11.85,20,0,0,1,0,1,0,0,0,1,0,1,0,0,0,1,0
93.7778,1783.6782,0.121149472,8.71,35,1,0,0,0,0,1,1,0,0,0,1,0,0,0,1,0
59.1246,795.8973199999999,0.193477995,12.151,13,0,0,1,0,0,1,0,0,1,0,0,0,1,0,1,0
62.9194,2105.2596,0.098663652,11.441,37,0,0,1,0,0,1,0,1,0,0,0,0,1,0,1,0
153.3024,2428.8384,0.0,19.6,20,0,1,0,0,1,0,0,0,1,0,1,0,0,0,0,1
172.1422,5518.1504,0.058719726,9.444,18,0,0,1,0,0,1,0,0,1,0,0,0,1,0,1,0
148.0076,886.8456,0.033968647,6.48,20,1,0,0,0,1,0,0,0,1,0,1,0,0,0,1,0
104.899,1960.781,0.062700289,12.6,25,0,0,1,0,0,1,0,0,1,0,1,0,0,0,1,0
112.0202,5063.409,0.047008497,11.059,37,0,1,0,0,0,1,0,1,0,0,0,0,1,0,0,1
58.2588,670.99324,0.019153299,12.284,13,0,0,1,0,0,1,0,0,1,0,0,0,1,0,1,0
39.3822,314.2576,0.10764721,17.25,15,1,0,0,0,1,0,0,0,1,0,1,0,0,0,1,0
153.5682,2141.6122800000003,0.047377447,15.264,13,1,0,0,0,0,1,0,0,1,0,0,1,0,1,0,0
167.0474,5895.659,0.012540003,17.7,18,0,1,0,0,1,0,0,0,1,0,1,0,0,0,0,1
122.1098,3374.2744,0.021353642,12.831,37,0,0,1,0,0,1,0,1,0,0,0,0,1,0,1,0
49.5376,95.8752,0.233039817,8.71,24,1,0,0,0,0,1,0,0,1,1,0,0,0,0,1,0
96.4094,1237.7222,0.0,15.85,18,1,0,0,0,1,0,0,0,1,0,1,0,0,0,1,0
131.531,2386.893,0.095395258,9.799,13,0,0,1,0,0,1,0,0,1,0,0,0,1,0,1,0
110.157,1867.569,0.184041545,14.208000000000002,13,0,0,1,0,0,1,0,1,0,0,0,0,1,0,1,0
102.0332,2050.664,0.128459481,14.5,23,0,0,1,1,0,0,0,1,0,0,1,0,0,0,1,0
177.937,6704.606,0.078362484,9.648,37,1,0,0,0,0,1,0,1,0,0,0,0,1,0,1,0
243.0196,4310.3892,0.043626605,18.2,13,0,0,1,0,0,1,0,0,1,0,0,1,0,0,1,0
197.711,1729.7484,0.027233781,14.419,13,0,0,1,0,0,1,0,0,1,0,0,0,1,0,1,0
99.3042,2148.80292,0.041740624,11.912,15,1,0,0,0,0,1,0,0,1,0,1,0,0,1,0,0
59.2588,795.8973199999999,0.107110465,12.151,13,0,0,1,0,0,1,0,0,1,0,0,1,0,0,1,0
184.795,3304.49856,0.074729835,10.943,13,0,0,1,0,0,1,0,0,1,0,0,0,1,0,1,0
88.054,778.986,0.105893301,15.479000000000005,13,1,0,0,0,0,1,0,0,1,0,0,1,0,0,1,0
113.5518,5351.0346,0.032882271,11.059,35,0,0,1,0,0,1,0,1,0,0,0,0,1,0,1,0
113.7544,671.1264,0.103813029,7.51,18,1,0,0,0,1,0,0,0,1,0,1,0,0,0,1,0
111.1544,1563.2984,0.019117392,11.181,13,0,0,1,0,0,1,0,0,1,0,0,1,0,0,1,0
239.6538,2403.538,0.017627888,10.195,18,0,0,1,0,1,0,0,0,1,0,1,0,0,0,1,0
240.2564,2860.2768,0.038494623,13.35,35,1,0,0,0,0,1,1,0,0,0,1,0,0,0,1,0
226.8404,5400.9696,0.039385992,12.8,13,0,0,1,0,0,1,0,0,1,0,0,1,0,0,1,0
103.9648,1661.8368,0.146399712,10.3,23,1,0,0,1,0,0,0,1,0,0,1,0,0,0,1,0
118.344,3115.944,0.082250143,7.535,15,1,0,0,0,1,0,0,0,1,0,1,0,0,1,0,0
60.8536,1347.5792,0.077389797,20.1,35,0,1,0,0,0,1,1,0,0,0,1,0,0,0,0,1
148.2418,2590.6278,0.043304681,11.457,13,0,0,1,0,0,1,0,0,1,0,0,0,1,0,1,0
185.2608,5880.3456,0.137926458,13.786,13,0,0,1,0,0,1,0,0,1,0,0,0,1,0,1,0
